"","avg_rent","lng","lat"
"1",4045.17590377459,-74.0140312352941,40.7114214705882
"2",3586.00024420024,-74.0063096,40.7188378
"3",5856.54756235828,-74.017439,40.707047
"4",4736.4682982568,-74.0120545,40.710077
"5",5463.62570918998,-74.017421,40.7058635
"6",5076.79590608466,-74.017439,40.707047
"7",5875.84772171254,-74.0169898333333,40.7090861666667
"8",3096.3044555834,-74.013713,40.707997
"9",3963.1258765864,-74.011022,40.706531
"10",3034.09273858921,-74.0118506,40.7065572
"11",3553.40592262999,-74.009998,40.705209
"12",3547.49258188825,-74.016151,40.706358
"13",4417.91522491349,-74.009603,40.7057535
"14",2940.53526867031,-74.009168125,40.70806625
"15",2644.76583761377,-74.008759,40.7072223333333
"16",3552.3328125,-74.011209,40.70580675
"17",3064.65110294118,-74.0093922857143,40.7081254285714
"18",3216.59301984912,-74.0080675,40.7064665
"19",3577.80630112474,-74.007275,40.7072253333333
"20",3411.61480085832,-74.011022,40.706531
"21",3470.21345271652,-74.009165,40.706191
"22",2827.56812447435,-74.0083976666667,40.714489
"23",7069.14434027778,-74.0080665,40.7094535
"24",4008.54166666667,-74.006619,40.709642
"25",3206.91856330014,-74.008831625,40.71042025
"26",5464.65080399826,-74.0042484,40.7087292
"27",3017.70798319328,-74.0027775,40.707531
"28",3757.9053030303,-74.0042055,40.7102375
"29",3912.21614583333,-74.0041923333333,40.708939
"30",3726.10593889196,-74.00600825,40.7164696666667
"31",5645.66827544402,-74.006442,40.714022
"32",3816.37059620596,-74.0085095714286,40.7185186666667
"33",3599.97210081585,-74.0069166,40.7164762
"34",4382.86035866566,-74.0107065,40.7164345
"35",1611.4,-73.997464,40.7158215
"36",3082.98854438424,-74.00719,40.717263
"37",3153.21361848574,-74.008716,40.7147713333333
"38",4307.15877437326,-74.008643,40.714489
"39",4065.0349537037,-74.0080206666667,40.7190256666667
"40",5709.56167140152,-74.00794,40.7170228666667
"41",2488.65656565657,-73.990546,40.713339
"42",2648.63392857143,-73.999999,40.718599
"43",2333.48863636364,-74.008124,40.71874
"44",7190.7220453566,-74.0074365,40.7192194090909
"45",6402.36274509804,-73.9989574444444,40.718393
"46",2585.94285714286,-73.99788175,40.716384
"47",2338.9696969697,-73.993406,40.7167395
"48",1447.61538461538,-73.996014,40.718131
"49",2061.35695718654,-74.004202,40.706076
"50",899.913757507508,-74.002139,40.717566
"51",2751.75643726592,-74.00501925,40.72056875
"52",2304.26346153846,-73.990798,40.715348
"53",1816.64166666667,-74.0013315,40.7196255
"54",3633.27380952381,-73.984202,40.720732
"55",2900.61517900782,-73.984936,40.7202732
"56",1803.54583333333,-73.978904,40.727239
"57",2055.91734871032,-73.986701,40.718144
"58",3564.11773255814,-74.001638,40.718373
"59",3833.46219135802,-73.9897586666667,40.7162183333333
"60",2543.90909391534,-73.9825396666667,40.720504
"61",1697.83325617284,-73.990991,40.715275
"62",2557.77280082377,-73.994562,40.7175215
"63",3224.59630050505,-73.9809895,40.729076
"64",2269.32524788199,-73.978407,40.727009
"65",2901.25324074074,-73.984191,40.725173
"66",3012.12678354584,-73.9859792,40.7213212
"67",2377.07192982456,-73.98606425,40.721604
"68",3391.78125,-73.984922,40.728967
"69",2647.71579861111,-73.985858,40.72211
"70",2261.92777777778,-73.981488,40.724679
"71",3652.03837969296,-73.988682,40.7231646666667
"72",2073.44024122807,-73.984635,40.722522
"73",1780.83518518519,-73.995469,40.71932
"74",1997.68353174603,-73.9837076,40.725437
"75",1860.37820512821,-73.978803,40.727195
"76",4382.7583912037,-73.979057,40.724956
"77",2626.07845568783,-73.980222,40.726416
"78",1874.4135021097,-73.984455,40.722461
"79",1760.91068917018,-73.978407,40.727009
"80",2150.56228956229,-73.982654,40.722552
"81",2636.964375,-73.984833,40.7232505
"82",2712.35858585859,-73.9902234,40.7201132
"83",1487.63364413364,-73.980379,40.729534
"84",2905.1115942029,-73.98843625,40.72339025
"85",3805.55165289256,-73.992991,40.712411
"86",1288.95454545455,-73.991126,40.71776
"87",2021.86667899408,-73.982851,40.730937
"88",6402.43666666667,-73.9890105,40.7271875
"89",3034.94920634921,-73.9891011666667,40.7212721666667
"90",2366.56439393939,-73.991937,40.718233
"91",5163.63596491228,-73.988062,40.7248155
"92",2514.0261707989,-73.987617,40.72869
"93",1799.21502164502,-73.9883898,40.7256664
"94",3947.23958333333,-73.9824,40.729543
"95",3996.32638888889,-73.9824,40.729543
"96",1766.63942307692,-73.98788,40.729966
"97",2621.18242927967,-73.9904725,40.72550725
"98",1732.28603059581,-73.990156,40.7252465
"99",1649.02529761905,-73.9870142,40.7277798
"100",3750.8343950118,-73.999491,40.720895
"101",4322.04938271605,-73.9923535,40.727489
"102",3828.9688697318,-73.984191,40.725173
"103",2674.66701388889,-73.993637,40.7266565
"104",2283.16473829201,-73.999841,40.724436
"105",4506.79985754986,-73.9857613333333,40.730201
"106",1994.54259259259,-73.985747,40.719643
"107",2492.14285714286,-73.998828,40.721323
"108",2891.04688888889,-73.999491,40.720895
"109",1220.97191423833,-73.993787,40.723645
"110",2236.26379504504,-74.0004903333333,40.72508
"111",3176.39166666667,-74.00127,40.721447
"112",4548.14970501475,-73.998207,40.720154
"113",5127.49579124579,-73.9979595,40.7231595
"114",5169.63718820862,-73.998358,40.72451
"115",4765.69994632314,-73.9966865,40.7228245
"116",5359.07894736842,-73.9968586666667,40.72379
"117",3798.4858029447,-73.9967446666667,40.7229478333333
"118",2260.40557359307,-73.9974254,40.7236892
"119",2062.97256025867,-74.00120125,40.723055375
"120",1856.40253229974,-73.997388,40.7236505
"121",3302.80934730743,-73.9991515,40.7286671666667
"122",5107.69652777778,-73.999657,40.724623
"123",1480.84288194444,-74.000119,40.724074
"124",3769.22623106061,-73.9941923846154,40.7297942307692
"125",2590.91219746035,-73.998044,40.7300795
"126",3100.81670530104,-73.997934,40.7323095
"127",3030.44344257795,-74.0011,40.7287923333333
"128",1929.31578947368,-73.9974815,40.73213575
"129",1230.66820987654,-74.003381,40.728839
"130",2238.9903968254,-73.9985332,40.7282398
"131",3067.20195473251,-73.9942187142857,40.7325077142857
"132",2518.53122008484,-73.994945,40.728745
"133",2435.61785714286,-73.995484,40.735053
"134",2852.00434220251,-73.993693,40.7315765
"135",5069.9632034632,-73.994816,40.726003
"136",3769.22384428224,-74.004604,40.7319185
"137",2160.11244119624,-74.00503975,40.73539825
"138",3360.15759637188,-73.998358,40.731948
"139",2322.81298828125,-73.993982,40.725117
"140",4120.96287878788,-73.997589625,40.73426175
"141",2339.31384408602,-73.9969214285714,40.732607
"142",3286.15166666667,-73.998923,40.7278175
"143",2107.35224377817,-74.000206,40.727809
"144",2584.16068262411,-73.9969965,40.7337765
"145",3710.48842592593,-73.99821475,40.73275
"146",4832.94861111111,-73.9940375,40.7298155
"147",3096.31470588235,-74.001108,40.729134
"148",2598.71271929825,-73.9967745,40.7262395
"149",3192.08966526664,-73.995685,40.730098
"150",2236.49385964912,-73.9952483,40.7327775
"151",3164.11564814815,-73.996208,40.7330175
"152",4191.2025149533,-73.994595,40.732868
"153",2652.46691176471,-74.004954,40.731591
"154",3097.9537037037,-73.994816,40.726003
"155",2660.5219478738,-74.0023896666667,40.732737
"156",2448.59081954295,-73.993592,40.735102
"157",2176.4365942029,-73.996816,40.7332165
"158",3282.80141843972,-74.002423,40.7305675
"159",2482.07233044733,-74.0006135,40.7300725
"160",5716.51174412794,-73.992556,40.7328785
"161",5283.36503267974,-74.007661,40.7321083333333
"162",3641.78531073446,-74.0064348333333,40.7363008333333
"163",1461.60714285714,-74.0086565,40.7355755
"164",2925.03139534884,-74.0027045,40.735172
"165",2784.79921497585,-74.002634,40.73962
"166",3804.32762379962,-73.992775,40.7423593333333
"167",2375.89648396141,-74.008226,40.727406
"168",2529.02337398374,-74.008818,40.732607
"169",1762.975,-74.0093925,40.724275
"170",2347.42884460548,-74.0091515,40.72835
"171",1735.20698302469,-74.008226,40.727406
"172",2304.20987654321,-74.003984,40.734089
"173",2901.82148613798,-73.997597,40.737668
"174",3205.12525703463,-74.008818,40.732607
"175",3017.17522238695,-74.0030427142857,40.7369074285714
"176",2529.67922222222,-74.0051151111111,40.7377192222222
"177",3992.63633222775,-74.0042595833333,40.73629875
"178",3065.045459062,-74.006891,40.730063
"179",2815.07146546635,-74.0040018,40.7342976
"180",3022.63172263172,-74.00783,40.7320115
"181",3731.28205128205,-74.0059153333333,40.74526
"182",2037.3037037037,-74.0023445,40.74151975
"183",1813.79375,-74.00485,40.744755
"184",3796.90388888889,-74.0015816956522,40.7424532173913
"185",3937.63721819646,-74.00485,40.744755
"186",3337.29996758359,-74.0018172,40.7435712
"187",3612.37834549878,-73.9989825,40.746169
"188",1952.76885964912,-73.964127,40.802839
"189",1388.55729166667,-74.003136,40.747245
"190",3156.15891472868,-73.9988155,40.74466275
"191",2588.91545542636,-74.0061436666667,40.7360296666667
"192",2838.91447728517,-74.0006005,40.7409535
"193",1411.90069444444,-73.999365,40.745656
"194",3932.43942577031,-73.9989685,40.7439548333333
"195",2888.53998421818,-73.993457,40.747086
"196",3972.85791666667,-73.995204,40.741459
"197",2646.29664532954,-73.995142,40.749869
"198",2607.2458643507,-73.995142,40.749869
"199",3570.03368794326,-73.9994155,40.746483
"200",2352.71795463875,-73.9974583333333,40.7435633333333
"201",2727.18997576907,-73.996571,40.755979
"202",2193.66810344828,-73.999773,40.741088
"203",3595.98978420569,-74.0020905,40.7381176666667
"204",1061.76666666667,-74.0004675,40.738894
"205",1925.44704861111,-73.999845,40.741135
"206",3193.4188034188,-73.994707,40.7498878333333
"207",2545.43771877188,-74.00239,40.738991
"208",3691.90940298507,-73.998069,40.741901
"209",2905.58284313725,-73.998854,40.7414755
"210",1939.35374895572,-73.9971715555556,40.7453095555556
"211",2041.03631619267,-73.998069,40.741901
"212",2568.22662880272,-73.99768,40.741324
"213",4111.28040420228,-74.005955,40.74369
"214",3803.88242894057,-73.9946925,40.7519685
"215",3338.16666666667,-73.9966945,40.7394145
"216",3486.3096432553,-73.9972725714286,40.7436973571429
"217",2274.68996212121,-73.99647975,40.73970725
"218",4217.53555341055,-73.99436,40.742694
"219",2971.77563448323,-73.9956195,40.74129
"220",3958.13359411343,-73.9941946666667,40.7430166666667
"221",3123.0923665904,-73.9969827777778,40.7423713333333
"222",2504.90424710425,-73.9981256,40.7439912
"223",3947.79195872274,-73.992739,40.743756
"224",4744.91812865497,-73.9878545,40.761109
"225",5166.90151515152,-73.992865,40.745403
"226",2966.81386168911,-73.9901478571429,40.7401902857143
"227",2210.37489130435,-73.99172,40.7393661666667
"228",7356.85106837607,-73.923711,40.868948
"229",3471.7822740113,-73.994732,40.737361
"230",5078.01238738739,-73.99022475,40.7418845
"231",3626.33828265606,-73.9895297777778,40.7400976666667
"232",1866.20893429487,-73.9901993333333,40.7393213333333
"233",3761.49252136752,-73.987647,40.743473
"234",3909.77111111111,-73.993071,40.75347575
"235",2927.63344594595,-73.9900028,40.739282
"236",6898.04817708333,-73.9914233333333,40.7398523333333
"237",5236.55884811832,-73.9926932,40.740844
"238",11667.625,-73.99325275,40.7391655
"239",4000.49610136452,-73.99192675,40.738911
"240",2407.74007936508,-73.989575,40.7394795
"241",5260.44444444444,-73.99096525,40.73896075
"242",3650.96107279693,-73.990449,40.740402
"243",4356.36264621217,-73.985373,40.747304
"244",4175.09945355191,-73.982634,40.743519
"245",1885.97220100161,-73.98220075,40.7460715
"246",3363.08810296911,-73.979129,40.746162
"247",3374.90151142899,-73.9804965,40.749159
"248",3330.29540719697,-73.9787872,40.7487558
"249",2536.56671554252,-73.985031,40.740506
"250",5948.90789473684,-73.9912263333333,40.741208
"251",4333.69987922705,-73.985971,40.734525
"252",2159.77291666667,-73.985446,40.739814
"253",2871.2443615257,-73.990111,40.738578
"254",2548.18318965517,-73.985031,40.740506
"255",2696.36087962963,-73.986252,40.736175
"256",1552.78488372093,-73.980726,40.741905
"257",2954.39138056976,-73.989926,40.734704
"258",2677.72866419295,-73.986252,40.736175
"259",1606.37044534413,-73.985144,40.737239
"260",1535.91185897436,-73.985144,40.737239
"261",2971.70804988662,-73.980726,40.741905
"262",3420.95972407655,-74.0008515,40.740261
"263",2751.63050900062,-73.9823185,40.73596
"264",2896.37532163743,-73.9830276666667,40.7489986666667
"265",3719.41331321261,-73.9788355,40.74581025
"266",2807.5625,-73.982215,40.744976
"267",1797.80700231481,-73.977739,40.748041
"268",2068.55237346511,-73.9787436666667,40.744187
"269",2376.90277777778,-73.98425,40.747428
"270",3827.51083333333,-73.9810578333333,40.744727
"271",1677.26365858844,-73.98425,40.747428
"272",3016.43257242669,-73.9773645,40.7467685
"273",3884.61967321801,-73.979129,40.746162
"274",2894.08333333333,-73.982039,40.749461
"275",3118.19909297052,-73.98229375,40.748944
"276",3539.53875968992,-73.978481,40.743381
"277",3380.44419873212,-73.97705,40.74696
"278",2141.75816227874,-73.980986,40.746667
"279",2767.78507102993,-73.97776,40.745577
"280",2368.1130952381,-73.980395,40.749988
"281",2377.27168174962,-73.9823185,40.73596
"282",1766.68579234973,-73.985783,40.7364105
"283",2828.45732255166,-73.983228,40.738005
"284",2724.45338753388,-73.983228,40.738005
"285",2453.12969187675,-73.983534,40.74078
"286",3969.76145514781,-73.989926,40.734704
"287",3123.40397435897,-73.982171,40.74883
"288",2202.12068089431,-73.9826956666667,40.7440936666667
"289",1622.70284636488,-73.9927261666667,40.743515
"290",3229.27298850575,-73.9785385,40.748928
"291",2680.00399133311,-73.9807005714286,40.7442651428571
"292",3787.14130858423,-73.990637,40.740787
"293",2825.2748015873,-73.982215,40.744976
"294",4709.38829712861,-73.9856745,40.7461255
"295",2335.41375448029,-73.980395,40.749988
"296",2014.40925925926,-73.981848,40.743469
"297",2505.28381849315,-73.982867,40.749417
"298",3178.69423809524,-73.993664,40.7396128
"299",2485.67597517731,-73.999163,40.745568
"300",2364.50323275862,-73.980337,40.73762
"301",3778.39226654846,-73.976599,40.7422045
"302",3251.90323422014,-73.974727,40.744305
"303",3163.2141576743,-73.972741,40.746742
"304",4340.48419811321,-73.976599,40.7422045
"305",2726.32232356735,-73.9922075,40.7422145
"306",1755.35364583333,-73.980832,40.736978
"307",2948.57213541667,-73.9756115,40.743029
"308",2517.46129468816,-73.9724313333333,40.74642
"309",3959.13716913414,-73.973364,40.745579
"310",3726.91157902555,-73.976785,40.741893
"311",2150.46582010582,-73.994206,40.762423
"312",5480.63961038961,-73.976786,40.7655705
"313",4874.60094715852,-73.976786,40.7655705
"314",2298.7167535854,-73.9777445,40.765427
"315",3429.19333463899,-73.979445,40.764173
"316",3485.35856630824,-73.979199,40.765152
"317",3997.38536338985,-73.9854923333333,40.760644
"318",3767.56040894409,-73.9848702,40.763248
"319",3270.54996361872,-73.987572,40.761262
"320",2885.79055924695,-73.976715,40.765868
"321",3653.67440225035,-73.9831918,40.7629276
"322",2991.2131773399,-73.9821672,40.7649594
"323",4511.04265559072,-73.983755,40.767077
"324",2225.99189814815,-73.9771225,40.763876
"325",2135.75042892157,-73.976298,40.76224
"326",2497.53839612768,-73.979816,40.764485
"327",2268.59013605442,-73.979972,40.764555
"328",3495.30405797101,-73.975051,40.765163
"329",4167.63245033113,-73.979445,40.764173
"330",3235.77435897436,-73.9820902,40.7650476
"331",3599.13050847458,-73.9832904444444,40.7651301111111
"332",2990.94259580761,-73.977817,40.765476
"333",2969.78422724065,-73.982194,40.7643145
"334",2356.72580645161,-73.977817,40.765476
"335",2280.60578304598,-73.98499,40.763839
"336",4770.70265063716,-73.980992,40.7648433333333
"337",3085.11572472126,-73.991701,40.760543
"338",2644.49188311688,-73.9910385,40.76416825
"339",2157.40064102564,-73.989553,40.762673
"340",1456.80416666667,-73.989553,40.762673
"341",3256.08974358974,-73.991679,40.762173
"342",3231.80937698665,-73.99343775,40.7631155
"343",2842.35309210526,-73.989181,40.765263
"344",2826.92552334944,-73.996751,40.760175
"345",4362.15860713109,-73.998733,40.76026
"346",3390.84212574304,-73.997159,40.760778
"347",3181.59173245614,-73.993535,40.7588
"348",2550.06289081289,-73.9910385,40.76416825
"349",2727.46021524347,-73.993445,40.764004
"350",2220.54964539007,-73.991701,40.760543
"351",4154.67203703704,-73.999224,40.761216
"352",4829.17354806373,-73.9820370833333,40.7719553333333
"353",7580.76827852998,-73.9785386666667,40.7717102222222
"354",3826.32126984127,-73.9820751764706,40.7741385294118
"355",4814.05385375494,-73.979594,40.773595
"356",2017.63097125343,-73.9787363333333,40.778891
"357",2325.75202138758,-73.98087325,40.78080875
"358",13918.7502538224,-73.9749314,40.7738288
"359",3230.35465116279,-73.980732,40.771614
"360",4113.98222222222,-73.976522,40.782381
"361",4959.49973181,-73.977748,40.77696
"362",3194.4389619883,-73.976522,40.782381
"363",2308.00757575758,-73.975541,40.779435
"364",2606.07976190476,-73.975284,40.779309
"365",1603.4375,-73.975284,40.779309
"366",3030.64955257271,-73.982859,40.770066
"367",3897.61666110346,-73.9813244,40.7722092
"368",2629.09635416667,-73.9791553333333,40.7780663333333
"369",2844.46589759158,-73.980786,40.775728
"370",2595.23980034722,-73.9854475555556,40.7773487777778
"371",3025.88209876543,-73.980197,40.772212
"372",3772.45681265207,-73.9793313333333,40.7776326666667
"373",5058.93762626263,-73.980618,40.776483
"374",4799.16770833333,-73.980618,40.776483
"375",6985.19293740355,-73.9802482,40.780039
"376",3293.98378378378,-73.977642,40.779008
"377",1712.40001482046,-73.983261,40.778432
"378",1560.51178075397,-73.982017,40.7779065
"379",2177.13835699351,-73.977928,40.777053
"380",2544.79393939394,-73.9803375,40.773733
"381",2025.99444444444,-73.97906,40.782557
"382",3684.45299145299,-73.981462,40.780449
"383",4085.98865327381,-73.9843983636364,40.7765141818182
"384",5737.7703313253,-73.983015,40.78009
"385",5522.32953466287,-73.983015,40.78009
"386",4002.33438076085,-73.987632,40.7763016363636
"387",3664.13982259571,-73.9871031333333,40.7761644666667
"388",2365.02465277778,-73.984917,40.78213
"389",5113.68247767857,-73.972622,40.792475
"390",2982.26154401154,-73.972925375,40.788081875
"391",1974.9375,-73.97454,40.789201
"392",4855.98763020833,-73.979466,40.789553
"393",2013.2306547619,-73.9740335,40.7926785
"394",1564.64814814815,-73.9740335,40.7926785
"395",9179.28240740741,-73.9746,40.78414
"396",2299.20927041499,-73.978011,40.788655
"397",2569.29594612527,-73.9750451428571,40.7878445714286
"398",3625.5015362395,-73.972622,40.792475
"399",6900.19563599169,-73.969,40.790951
"400",2106.76104845447,-73.967781,40.787434
"401",3180.34350490196,-73.9771386666667,40.7878456666667
"402",3890.00876713642,-73.977655,40.784596
"403",5380.09931372549,-73.973662,40.792073
"404",3182.79336815448,-73.976275,40.7896303333333
"405",3645.36519607843,-73.974763,40.790598
"406",3401.8318287037,-73.9751285,40.785626
"407",2957.29818594104,-73.971797,40.785429
"408",4572.84477756286,-73.975374,40.782117
"409",3686.65612121212,-73.97551,40.788183
"410",5493.87762762763,-73.9772923333333,40.7881806666667
"411",2660.73776198679,-73.9708595,40.7885245
"412",2596.14485677083,-73.973392,40.790356
"413",2511.13596832814,-73.979923,40.78288175
"414",8142.33864883402,-73.975374,40.782117
"415",2932.51599049708,-73.9733943333333,40.7869603333333
"416",3670.31432360743,-73.974656,40.789248
"417",3552.9316155686,-73.9738435714286,40.7900401428571
"418",2719.4068627451,-73.9870635,40.7676695
"419",3107.53260582011,-73.972925375,40.788081875
"420",3186.21558585114,-73.97153,40.7955038
"421",2197.18308080808,-73.980296,40.7861235
"422",2030.80150462963,-73.980296,40.7861235
"423",2451.27719907407,-73.972509,40.787261
"424",3984.33723958333,-73.976757,40.792682
"425",2184.99607182941,-73.974486,40.794501
"426",2732.45434782609,-73.967781,40.787434
"427",1708.725456621,-73.971755,40.7871295
"428",3730.07172309028,-73.9766075,40.7905815
"429",2009.84428571429,-73.97498275,40.78885525
"430",3211.68748464751,-73.9744818333333,40.7896388333333
"431",4106.9914399093,-73.97212,40.791638
"432",1448.22164351852,-73.9762856666667,40.7862396666667
"433",2432.22395833333,-73.974486,40.794501
"434",2364.93661616162,-73.972509,40.787261
"435",2481.646484375,-73.9751425,40.78688725
"436",3881.77777777778,-73.9782993333333,40.7647936666667
"437",2650.87612612613,-73.977542,40.765342
"438",4736.70611287478,-73.9802812,40.7638742
"439",3329.89925608219,-73.968265,40.75722
"440",2599.9015298918,-73.9703465,40.7595555
"441",2950.62096774194,-73.970551,40.761868
"442",2348.51121495327,-73.9694475,40.759768
"443",2081.38168984408,-73.9694475,40.759768
"444",2893.39855072464,-73.976081,40.7576575
"445",3422.75441741927,-73.9704146666667,40.7603263333333
"446",4330.61856844305,-73.9637393684211,40.7609745263158
"447",4938.61637336094,-73.970565,40.754111
"448",3331.39420728844,-73.96949775,40.756331875
"449",2938.37554563492,-73.9670133333333,40.7557516666667
"450",3310.30406574394,-73.966935,40.752823
"451",2333.8712745098,-73.967454,40.754434
"452",1406.15416666667,-73.967429,40.754407
"453",7392.9610908054,-73.9708243333333,40.75489
"454",2989.25799186283,-73.961883,40.757864
"455",3921.93648958333,-73.9683783333333,40.758406
"456",1360.06300813008,-73.9711163333333,40.7543383333333
"457",1523.25,-73.955707,40.768187
"458",6185.27298470928,-73.9702698,40.7572956
"459",3912.87580971109,-73.967269625,40.757088
"460",3953.28766478343,-73.9671618,40.7631202
"461",3598.80651176133,-73.969739,40.763012
"462",3401.11792019774,-73.9659562222222,40.7570658888889
"463",5716.01018360241,-73.970244375,40.75853225
"464",2710.456,-73.965432,40.76127475
"465",10286.3586505998,-73.9629885,40.7612755
"466",2119.29861111111,-73.957722,40.772752
"467",3899.745,-73.971326,40.765996
"468",1910.38923611111,-73.9584,40.773867
"469",1238.32638888889,-73.969038,40.756724
"470",3739.37061403509,-73.9637035,40.77134025
"471",5588.4137630662,-73.962275,40.77321
"472",4224.85740740741,-73.968907,40.7649975
"473",3694.06214470284,-73.966145,40.7686038
"474",2667.38898809524,-73.96695875,40.770055
"475",6918.48412698413,-73.9690345,40.7630655
"476",5304.33303400383,-73.9621344545454,40.766268
"477",5475.87354263239,-73.9619708,40.7653176
"478",4377.96568627451,-73.966096,40.770362
"479",3490.76015821647,-73.963287,40.7697525
"480",7106.60441468254,-73.9623438181818,40.7637511818182
"481",5424.92887667888,-73.956399,40.769705
"482",2925.26771405678,-73.9646872105263,40.7638241052632
"483",2986.36869322095,-73.9594588,40.7652733
"484",4479.14919029083,-73.9596260833333,40.7672713333333
"485",1700.51388888889,-73.960617,40.768027
"486",2659.8697027198,-73.9609005,40.7740815
"487",2794.6445473251,-73.959086,40.771667
"488",2556.96660482375,-73.9587475,40.7735885
"489",2451.59375,-73.970704,40.751902
"490",5399.18851011039,-73.964249,40.7694771428571
"491",2748.31762295082,-73.9584174,40.7703936
"492",3119.24754044436,-73.9665,40.770304
"493",2897.715,-73.964548,40.756097
"494",2023.10833333333,-73.965129,40.766258
"495",4283.34088674614,-73.966052,40.764592
"496",2651.04894644425,-73.9672872307692,40.7608943846154
"497",6557.68123070988,-73.973951,40.764155
"498",1785.42287234043,-73.9641895,40.7609605
"499",5075.42601267441,-73.960102,40.766019
"500",2193.81568627451,-73.959985,40.762309
"501",3328.26493942371,-73.962846,40.76562
"502",2989.06864852728,-73.9599988666667,40.7663372
"503",2403.8334877258,-73.965524,40.7569113333333
"504",1932.88235294118,-73.960546,40.772715
"505",3424.11612439043,-73.958834,40.761579
"506",2450.07392473118,-73.959985,40.762309
"507",4934.80858930603,-73.9628626666667,40.7615863333333
"508",2456.27831196581,-73.979757,40.772009
"509",1918.06239478114,-73.964965,40.7636704
"510",2575.85297619048,-73.963909,40.776185
"511",2192.94761904762,-73.960749,40.77154
"512",3119.6280141844,-73.9695385,40.750552
"513",1635.08240740741,-73.9617546666667,40.7604223333333
"514",4889.21906870639,-73.963514,40.765162
"515",4632.65067791005,-73.9628133913044,40.7639137826087
"516",3591.79230093677,-73.960945,40.7681576666667
"517",3205.53962324393,-73.9639855,40.7734035
"518",14545.5287139786,-73.9691165,40.768695
"519",3235.08181818182,-73.951054,40.777575
"520",9827.92951474805,-73.9557016,40.7818122
"521",4609.34782608696,-73.9611738,40.7757316
"522",4206.90912085555,-73.9554218571429,40.7728951428571
"523",6669.35469276094,-73.9554535,40.7803255
"524",5275.55160912191,-73.9619725,40.7777145
"525",1970.14453125,-73.9543698,40.7788942
"526",1995.48306878307,-73.9532897142857,40.7792975714286
"527",11825.3489583333,-73.963002,40.777472
"528",11033.8794068556,-73.95741475,40.7820765
"529",2118.57621212121,-73.95576,40.775367
"530",4330.94140989729,-73.9532135,40.776806
"531",4087.81240740741,-73.9545163333333,40.7803233333333
"532",2530.34583333333,-73.9545102,40.7768186
"533",2150.79735479097,-73.9529905,40.7817755
"534",3281.26373600904,-73.9549747272727,40.7784624545455
"535",2961.89502274487,-73.95733,40.7768766666667
"536",1869.58333333333,-73.9519445,40.7816195
"537",1527.24565972222,-73.952096,40.779741
"538",1580.7299382716,-73.9539445,40.7846125
"539",2817.95555555556,-73.951054,40.777575
"540",2740.7185584443,-73.9522825,40.7797395
"541",1504.50416666667,-73.949175,40.779309
"542",2289.9537037037,-73.949175,40.779309
"543",3974.6259469697,-73.94874,40.781982
"544",2419.71499624625,-73.9550346,40.7772262
"545",3853.71277902929,-73.9532508823529,40.7784178823529
"546",3127.96830759331,-73.9509885,40.7765738333333
"547",4737.61832691133,-73.9533685,40.7773345
"548",2787.10465116279,-73.950986375,40.779283125
"549",2958.52159931125,-73.952044,40.781476
"550",2094.40492424242,-73.949448,40.771876
"551",4067.01416666667,-73.9472306666667,40.7754866666667
"552",3280.67441077441,-73.9493885,40.7736305
"553",2160.225,-73.948553,40.7897905
"554",2460.21305031447,-73.9482065,40.7755395
"555",2233.29680894309,-73.952481,40.776851
"556",1849.22736625514,-73.952128,40.7727595
"557",2449.5586038961,-73.953259,40.778525
"558",1592.75833333333,-73.979757,40.772009
"559",5272.88753132832,-73.953359,40.791176
"560",3656.61523527948,-73.946801,40.772169
"561",3848.80853810541,-73.946866,40.772081
"562",3528.39751724764,-73.957264,40.782968
"563",1970.39756944444,-73.949448,40.771876
"564",2770.81179378531,-73.939223,40.824227
"565",3135.44943181818,-73.9520431666667,40.8151538333333
"566",4533.42929292929,-73.95055,40.79505
"567",2781.86879432624,-73.95055,40.79505
"568",2453.23675562243,-73.9528834444445,40.8084255555556
"569",2334.11522633745,-73.944218,40.800833
"570",3593.41830376003,-73.9507625,40.8052675
"571",2774.84641445511,-73.9463287692308,40.8066303076923
"572",1805.08333333333,-73.945985,40.7895945
"573",1684.75726495727,-73.9389583333333,40.793096
"574",2269.13043478261,-73.938213,40.79889
"575",703.434895833333,-73.945985,40.7895945
"576",3043.25674850134,-73.9455262083333,40.8023837916667
"577",2107.02587145969,-73.941065,40.79173
"578",2333.94501133787,-73.942262,40.789678
"579",2723.54304029304,-73.9382716666667,40.8033453333333
"580",3016.75985621429,-73.9474371,40.8075871
"581",1465.96153846154,-73.945435,40.8179993333333
"582",1976.40104166667,-73.9404936,40.7978252
"583",2992.43003472222,-73.94223075,40.80538575
"584",2413.02268062397,-73.954737,40.804152
"585",1740.09821428571,-73.949528,40.8057345
"586",2821.81050531915,-73.9563368,40.798696
"587",961.68,-73.9461545,40.8059325
"588",2991.90705906149,-73.9586565,40.800745
"589",2503.24702380952,-73.937706,40.800336
"590",1977.58053359684,-73.941198,40.825573
"591",2240.56759259259,-73.9504315,40.8305595
"592",1116.16875,-73.937706,40.800336
"593",1104.25980392157,-73.935879,40.802835
"594",2086.63888888889,-73.935879,40.802835
"595",2579.00881589796,-73.9425898,40.8037366
"596",2465.6369047619,-73.94233,40.8172723333333
"597",2866.28333333333,-73.951541,40.8275016666667
"598",2369.2429941003,-73.9426604,40.8264148
"599",1614.20555555556,-73.954701,40.803259
"600",775.930989583333,-73.9617345,40.795726
"601",4420.97466216216,-73.96333175,40.79462225
"602",2261.7725,-73.9569283333333,40.7978823333333
"603",2631.24501424501,-73.96166,40.799622
"604",1805.94318181818,-73.962166,40.798952
"605",1981.5181498829,-73.963585,40.7932
"606",2169.72922705314,-73.9716755,40.7958855
"607",1485.55062794349,-73.965216,40.8035386666667
"608",2126.07451923077,-73.968609625,40.800556125
"609",2949.59490740741,-73.967114,40.799333
"610",3721.04456018519,-73.967114,40.799333
"611",3579.34544910877,-73.959678,40.79854
"612",3805.86290322581,-73.971331,40.79618
"613",2525.49280879865,-73.967152,40.803805
"614",1765.13739809783,-73.964606,40.803276
"615",2968.32670454545,-73.9643085,40.79328725
"616",3159.18524774775,-73.964375,40.802395
"617",2396.77864583333,-73.953762,40.798801
"618",2687.81667847862,-73.96198,40.79539
"619",2369.70546917621,-73.96198,40.79539
"620",2988.74001736111,-73.973006,40.796043
"621",2885.86702327327,-73.973006,40.796043
"622",1485.13342198582,-73.9526497142857,40.8224661428571
"623",1423.75392512077,-73.9713815,40.796202
"624",2830.35915977961,-73.964375,40.802395
"625",2824.6001984127,-73.971796,40.798
"626",2750.06242774566,-73.9672005,40.7983515
"627",3490.34136150235,-73.971446,40.797684
"628",2739.041015625,-73.971521,40.796767
"629",2088.30756013746,-73.9696063333333,40.799045
"630",2975.29187192118,-73.971446,40.797684
"631",4170.85281385281,-73.969375,40.800524
"632",4343.68768371546,-73.967087,40.804306
"633",3855.20567375887,-73.964596,40.807072
"634",7848.78365853659,-73.9679375,40.799706
"635",1749.21292562724,-73.943893,40.822206
"636",3116.52667682927,-73.964596,40.807072
"637",1519.00763888889,-73.95295425,40.80823075
"638",1799.71875,-73.9527186666667,40.804987
"639",3289.72737455197,-73.93609,40.8505125
"640",1300.54573934837,-73.956592,40.806625
"641",1691.7404589372,-73.9434815,40.8215655
"642",730.757092198582,-73.950631,40.812864
"643",1985.14888888889,-73.941926,40.818687
"644",2727.55729166667,-73.943728,40.828566
"645",2328.02777777778,-73.943594,40.829323
"646",1373.69217171717,-73.943728,40.828566
"647",1632.82478632479,-73.951899,40.827148
"648",2280.88480392157,-73.951899,40.827148
"649",1802.47554347826,-73.952521,40.801109
"650",2345.62737977135,-73.949761,40.830084
"651",2103.10484601449,-73.949761,40.830084
"652",1498,-73.9553215,40.805285
"653",851.259722222222,-73.943594,40.829323
"654",1560.29942442442,-73.9465326666667,40.8350803333333
"655",1652.10740740741,-73.88468,40.883399
"656",2407.2619047619,-73.900773,40.815812
"657",1659.56019435018,-73.89034,40.822088
"658",1386.41927083333,-73.902331,40.871751
"659",1402.14583333333,-73.902331,40.871751
"660",1024.90208333333,-73.861109,40.884683
"661",1501.36363636364,-73.900773,40.815812
"662",2087.92738095238,-73.89034,40.822088
"663",1447.40465561224,-73.92534,40.837764
"664",1550.27192982456,-73.889517,40.823682
"665",1095.23787878788,-73.912916,40.820332
"666",1408.425,-73.8527843333333,40.806903
"667",1194.09027777778,-73.845297,40.8293315
"668",1206.83166666667,-73.854206,40.807073
"669",1587.90833333333,-73.8527843333333,40.806903
"670",2280.35714285714,-73.821775,40.813601
"671",1534.60125448029,-73.88468,40.883399
"672",1144.54761904762,-73.880846,40.845716
"673",1103.28448275862,-73.853341,40.807654
"674",824.629797979798,-73.911513,40.889239
"675",1415.20406799083,-73.85455,40.841133
"676",1260.75277777778,-73.8604364,40.8374136
"677",1483.30406476449,-73.8603655,40.8386065
"678",1409.5178030303,-73.826884,40.84531
"679",1139.4831871345,-73.826884,40.84531
"680",1248.27567567568,-73.832637,40.845857
"681",1027.85231481481,-73.867794,40.851139
"682",1161.49953703704,-73.867794,40.851139
"683",1115.83651804671,-73.8604836666667,40.8366183333333
"684",1149.79951690821,-73.893327,40.87009125
"685",799.394230769231,-73.908192,40.897679
"686",960.118055555556,-73.908192,40.897679
"687",932.282934833568,-73.821775,40.813601
"688",2092.3768627451,-73.914524,40.885042
"689",2308.01131861913,-73.912574,40.885887
"690",1791.39396998452,-73.904475,40.889453
"691",1661.77730855856,-73.917535,40.880845
"692",747.402097902098,-73.821723,40.81421
"693",889.659722222222,-73.821723,40.81421
"694",1817.21212121212,-73.913472,40.884844
"695",1698.34722222222,-73.906021,40.888148
"696",2153.98196248196,-73.9125355,40.8828885
"697",762.4,-73.9026056666667,40.8735576666667
"698",1784.02787814915,-73.91905,40.877629
"699",1598.1679000429,-73.909538,40.887152
"700",1763.37384259259,-73.9100175,40.8932775
"701",1865.66720702137,-73.916845,40.888974
"702",2420.36548800662,-73.9136983333333,40.8872636666667
"703",1744.5612654321,-73.897969,40.905496
"704",4735.84718028717,-73.9861052857143,40.699757
"705",2822.53603479853,-73.983474,40.6794465
"706",2211.14817040598,-73.9881975,40.7020105
"707",1708.44668079096,-73.9811108333333,40.6702195
"708",3780.29239700931,-73.98585775,40.6928725
"709",2488.19109195402,-73.995752,40.695424
"710",2337.20427708312,-73.973467,40.698872
"711",1584.74159056317,-73.9814592,40.6931516
"712",2819.3005952381,-73.958334,40.602884
"713",1339.68524305556,-73.9920013333333,40.6980613333333
"714",1590.57142857143,-73.9867215,40.6873853333333
"715",1365.18666666667,-73.980988,40.683019
"716",1439.08125,-73.997717,40.691908
"717",2312.89841849148,-73.9901936666667,40.7033496666667
"718",2058.46527777778,-73.993502,40.693804
"719",2336.62140804598,-73.991266,40.691982
"720",2933.94554865424,-73.991927,40.701794
"721",1706.51148558015,-73.9736295,40.6971335
"722",1328.69246031746,-73.9918185,40.703349
"723",3146.76644555003,-73.9941617142857,40.6916891428571
"724",2217.88875272331,-73.997938,40.677006
"725",2054.78237852146,-73.954323,40.685377
"726",2233.3373015873,-74.003209,40.682932
"727",3982.44458762887,-73.984185,40.6942216
"728",2309.27520833333,-73.99263175,40.68712975
"729",2370.44342359768,-73.9939186666667,40.6835313333333
"730",1503.88012566138,-73.993717,40.683548
"731",2179.22222222222,-73.992367,40.687486
"732",1621.50347222222,-73.9953655,40.6823545
"733",1565.68109939759,-73.99885,40.68893
"734",2288.31576797386,-73.987511,40.690153
"735",1241.38269803114,-73.9865997777778,40.6986935555556
"736",1819.31362393481,-73.9948526666667,40.6920865
"737",1361.72916666667,-73.993502,40.693804
"738",1728.07088744589,-73.9803876666667,40.6850943333333
"739",3271.7671875,-73.991584,40.687864
"740",1369.69097222222,-73.994065,40.690148
"741",1543.6058619281,-74.000288,40.685968
"742",1510.83333333333,-74.00415,40.682046
"743",1616.31868131868,-73.9991075,40.686097
"744",1487.71888888889,-73.99594,40.678519
"745",2212.84554597701,-73.9948666,40.6682169
"746",2084.02333333333,-73.969,40.6722503333333
"747",1961.23854166667,-73.98774375,40.6850585
"748",2566.97163600289,-73.957807,40.718799
"749",2047.99853128991,-74.000898,40.686709
"750",1609.31130952381,-73.998253,40.679813
"751",1363.53819444444,-73.99594,40.678519
"752",1633.05128205128,-73.964938,40.679913
"753",2634.01890681004,-73.99537,40.681719
"754",2277.67361111111,-73.945538,40.661724
"755",1635.80651340996,-73.98387,40.662925
"756",889.881944444444,-73.994763,40.663609
"757",804.375,-74.009212,40.6434265
"758",1442.40104166667,-73.994644,40.661161
"759",1338.97730654762,-73.989708,40.6603275
"760",1504.515625,-73.994644,40.661161
"761",1506.20300925926,-73.939984,40.5849
"762",830.25,-73.980986,40.653606
"763",1934.49499198718,-73.96968,40.661354
"764",1563.72549019608,-74.002076,40.645592
"765",2977.43371212121,-73.9957285,40.6349285
"766",1240.90740740741,-73.9976015,40.6706
"767",1425.62268518519,-73.997732,40.6384185
"768",1277.82459677419,-73.975364,40.612751
"769",1242.02833333333,-73.974385,40.677344
"770",1518.20416666667,-73.998829,40.644563
"771",1155.76160714286,-73.9887963333333,40.6275106666667
"772",1128.70301724138,-73.989615875,40.62458825
"773",1520.99861111111,-73.992343,40.644269
"774",1979.79874074074,-73.9890746666667,40.661947
"775",2116.125,-73.981125,40.6672835
"776",1738.51188405797,-73.978194,40.682752
"777",1468.38854166667,-73.974746,40.67553
"778",2775.2962962963,-73.9797254,40.6731886
"779",1186.31423611111,-73.974746,40.67553
"780",1704.67200854701,-73.982504,40.677186
"781",1991.60404829545,-73.98096,40.6716795
"782",1302.64583333333,-73.976343,40.6724676666667
"783",1269.51098039216,-73.9783765,40.670436
"784",2023.51111111111,-73.968412,40.675012
"785",2154.78133333333,-73.9830495,40.665138
"786",1848.2358815427,-73.985957,40.6570316666667
"787",1561.71666666667,-73.981808,40.662631
"788",1615.9296474359,-73.981808,40.662631
"789",1355.94880319149,-73.9845185,40.6721265
"790",1340.16775173611,-73.9775463333333,40.6041933333333
"791",1088.64784356725,-73.9871453333333,40.6653238333333
"792",1792.21559392988,-73.9866713333333,40.6649806666667
"793",2830.78333333333,-73.994462,40.6537815
"794",2679.99122222222,-73.990372,40.665223
"795",2515.77124311566,-73.9832854285714,40.6715317142857
"796",1603.16666666667,-73.968412,40.675012
"797",1717.72222222222,-73.984656,40.663188
"798",2071.65905448718,-73.989114,40.665821
"799",1674.40364583333,-73.9808885,40.6648085
"800",2686.11243518518,-73.9833316363636,40.6695264545455
"801",1661.93836805556,-73.9791853333333,40.6690446666667
"802",3484.45138888889,-73.98085575,40.6724508333333
"803",2345.44273386438,-73.9861805,40.663217
"804",1295.67361111111,-73.997578,40.64472
"805",2158.4324212272,-73.98629,40.673256
"806",2353.67564102564,-73.954568,40.6751794
"807",1211.16739766082,-73.970542,40.67849575
"808",885.800595238095,-73.9693525,40.6761135
"809",708.492857142857,-73.970571,40.677069
"810",1441.80755876068,-73.9714515,40.6440705
"811",1914.17411924119,-73.98629,40.673256
"812",1714.92863756614,-73.964938,40.679913
"813",1474.78356807512,-73.9820793333333,40.6705543333333
"814",1920.3236282802,-73.972396,40.681936
"815",1348.18775100402,-73.9832615,40.6694255
"816",2030.85243055556,-73.963027,40.67391
"817",636.859375,-73.952058,40.671724
"818",1705.27,-73.999337,40.6450795
"819",1821.95384615385,-73.96394,40.644415
"820",1927.6911083878,-73.981613,40.664371
"821",1794.92361111111,-73.974385,40.677344
"822",1964.58203125,-73.964076,40.673836
"823",2287.4765625,-73.974008,40.682158
"824",1528.49097222222,-73.965379,40.676927
"825",1723.53645833333,-73.980516,40.681125
"826",1663.61180555556,-73.980516,40.681125
"827",2390.95498971193,-73.981613,40.664371
"828",1930.86979166667,-73.95813,40.686858
"829",2337.15131578947,-73.952107,40.6713166666667
"830",1145.67743055556,-73.95288125,40.67206125
"831",2116.13514957265,-73.965502,40.6817275
"832",1887.28308823529,-73.943993,40.672893
"833",1374.5,-73.960447,40.676838
"834",1485.12625,-73.972396,40.681936
"835",1186.3005952381,-73.940003,40.666205
"836",1491.07371794872,-73.940003,40.666205
"837",1244.30625,-73.944114,40.67069475
"838",1300.97916666667,-73.945137,40.673735
"839",1874.88296398892,-73.95077425,40.671451
"840",1446.20913461538,-73.940394,40.665729
"841",1456.99193548387,-73.960447,40.676838
"842",1202.0873015873,-73.9492943333333,40.6663096666667
"843",1354.79166666667,-73.91696,40.684094
"844",1690.625,-73.918213,40.682437
"845",934.114035087719,-73.952276,40.695021
"846",1682.19512195122,-73.957411,40.694425
"847",1698.49350845411,-73.944699,40.6929275
"848",1775.35729166667,-73.934009,40.692822
"849",927.98900462963,-73.955862,40.71958
"850",924.536458333333,-73.95663256,40.69260928
"851",1793.62908163265,-73.960601,40.691832
"852",843.986111111111,-73.9552165,40.69371525
"853",1765.35483870968,-73.913782,40.642736
"854",957.131944444444,-73.957189,40.6949875
"855",1835.28222222222,-73.9707578571429,40.6663342857143
"856",1700.38934782609,-73.972001,40.639495
"857",1213.01928571429,-73.967563,40.693254
"858",1972.39388020833,-73.9648616666667,40.689875
"859",1564.28568672839,-73.964186,40.687623
"860",1857.01123301985,-73.96394,40.644415
"861",2313.5099862259,-73.984603,40.674269
"862",1159.31428571429,-73.9614855,40.682889
"863",2868.25877792978,-73.960996,40.68726
"864",1092.2890625,-73.962366,40.684982
"865",2927.20953947368,-73.9673245,40.688243
"866",1735.96254355401,-73.959608,40.69419
"867",2079.35407461954,-73.9569795,40.61546625
"868",1681.95376461988,-73.97276,40.692797
"869",7700.72510822511,-73.963404,40.682743
"870",1240.44405594406,-73.948543,40.695445
"871",1145.98611111111,-73.9466515,40.6890445
"872",1325.05079365079,-73.962125,40.687148
"873",2226.31768817204,-73.993429,40.664866
"874",1658.47846364883,-73.988506,40.6627746666667
"875",1961.91975308642,-73.964772,40.690269
"876",1657.43495934959,-73.967289,40.685439
"877",1233.07688492063,-73.962125,40.687148
"878",1872.53472222222,-73.974594,40.677429
"879",1570.9375,-73.95813,40.686858
"880",1683.22907986111,-73.979468,40.689622
"881",2177.85357142857,-73.973735,40.687793
"882",2141.90909090909,-73.970207,40.684877
"883",1839.54791666667,-73.96658,40.6962865
"884",2244.90833333333,-73.9678322,40.6946554
"885",2482.55662078007,-73.9724315,40.699503
"886",3820.52287946429,-73.9652905,40.668531
"887",2030.99921875,-73.9728005,40.690464
"888",2238.88704890788,-73.993429,40.664866
"889",2293.70556526807,-73.973735,40.687793
"890",1824.80952380952,-73.971493,40.686415
"891",2045.86041666667,-73.971493,40.686415
"892",2145.47484848485,-73.9580984666667,40.7042192
"893",3038.3487933635,-73.9570445,40.67220525
"894",1405.10834896811,-73.965149,40.709653
"895",1615.43458980044,-73.9578628,40.7025236
"896",1321.63888888889,-73.9539745,40.7017595
"897",1598.74575892857,-73.9547171666667,40.7057315
"898",1635.50381355932,-73.962457,40.706317
"899",1470.96736596737,-73.962457,40.706317
"900",1976.0120650954,-73.957638,40.712412
"901",4020.66025641026,-73.967252,40.710672
"902",855.952923976608,-73.962549,40.7163
"903",1875.72548300318,-73.9573785,40.71762
"904",2779.73714285714,-73.9593075294118,40.7092738235294
"905",1357.57937327824,-73.95341875,40.70562025
"906",1951.07954545455,-73.957044,40.699149
"907",2841.42857142857,-73.95719075,40.7067355
"908",2643.53787878788,-73.958916,40.715813
"909",559.695652173913,-73.957638,40.712412
"910",1329.35343013468,-73.9585565,40.70268275
"911",1217.89292417417,-73.949557,40.7098705
"912",1299.12962962963,-73.95642,40.7086593333333
"913",1152.55404589372,-73.95642148,40.70298492
"914",1527.83174603175,-73.9548545454546,40.7070120909091
"915",1906.10138888889,-73.951255,40.704814
"916",1662.53943452381,-73.95407975,40.7098925
"917",1807.48555871212,-73.9587195,40.701795125
"918",1165.0755952381,-73.945818,40.716554
"919",3027.01666666667,-73.9576115,40.7145075
"920",1835.41359126984,-73.954662,40.705997
"921",1402.17076302274,-73.95662615,40.70500595
"922",1693.33812260536,-73.9523667272727,40.7017284545455
"923",1649.83333333333,-73.9554145789474,40.7038491052632
"924",1485.17650462963,-73.9565577692308,40.7014102307692
"925",2342.61194779116,-73.945818,40.716554
"926",1101.1875,-73.962549,40.7163
"927",1363.18518518519,-73.961786,40.7095945
"928",1482.03716931217,-73.9542756,40.6964935
"929",1482.06944444444,-73.961786,40.7095945
"930",930.532967032967,-73.9515655,40.717122
"931",2215.18910806175,-73.945056,40.70816
"932",2089.6875,-73.948736,40.721315
"933",3069.48009259259,-73.946071,40.7171784444444
"934",1921.21805555556,-73.949403,40.717449
"935",1751.60807291667,-73.9461156666667,40.7164736666667
"936",1410.99722222222,-73.948543,40.721783
"937",2010.60606060606,-73.955389,40.693033
"938",1983.4391025641,-73.940692,40.719768
"939",2735.8851847645,-73.953573,40.7246443333333
"940",1377.90327380952,-73.94919,40.722482
"941",2894.92388888889,-73.9474793333333,40.7170399166667
"942",2433.66136645963,-73.9530663,40.7198091
"943",3770.28666666667,-73.9544127333333,40.7148842
"944",992.9375,-73.952058,40.671724
"945",918.888888888889,-73.947025,40.69562
"946",1393.03541666667,-73.913964,40.700121
"947",1256.15364583333,-73.949381,40.707506
"948",1049.29461279461,-73.964887,40.714876
"949",1544.6625,-73.940552,40.715692
"950",1646.61111111111,-73.9488653333333,40.7090486666667
"951",907.8125,-73.919841,40.704701
"952",1534.26131687243,-73.963782,40.677964
"953",1617.60243055556,-73.894382,40.670049
"954",1725.04716981132,-73.883318,40.6551456666667
"955",1051.59649122807,-73.943764,40.662006
"956",2007.83194444444,-73.933347,40.694954
"957",1808.98611111111,-73.958083,40.642074
"958",1291.32556750299,-73.958083,40.642074
"959",1105.77256944444,-73.960623,40.654523
"960",1899.79166666667,-73.942254,40.662099
"961",1205.22666666667,-73.956195,40.652699
"962",1403.15514403292,-73.9728455,40.6367195
"963",1270.78125,-73.989782,40.636359
"964",1464.53869047619,-73.970358,40.6223115
"965",1298.59635416667,-73.974907,40.631803
"966",1958.42647058824,-73.994955,40.644025
"967",1868.91621621622,-73.958412,40.582383
"968",2017.77777777778,-73.9795225,40.6298385
"969",1886.94018583043,-73.98042375,40.624191
"970",870.833333333333,-73.9829623333333,40.629195
"971",2421.42857142857,-73.9816075,40.6259395
"972",1087.64506172839,-73.9813575,40.6257885
"973",1364.02314814815,-74.011284,40.6373525
"974",1752.4358974359,-73.907854,40.640749
"975",3730.5931372549,-74.0090872,40.6427806
"976",1623.49829931973,-74.00223475,40.6502305
"977",1203.33479532164,-74.034224,40.613921
"978",881.542592592593,-74.024083,40.616517
"979",1437.15183080808,-73.9870758333333,40.6103826666667
"980",1844.96242559524,-73.96817125,40.6460875
"981",1665.34935897436,-73.957328,40.695619
"982",1480.94035947712,-73.995862,40.599985
"983",1149.41666666667,-73.9712683333333,40.6284166666667
"984",2026.74981522542,-74.002122,40.642628
"985",1504.88349206349,-74.002122,40.642628
"986",1876.44523809524,-73.958919,40.612063
"987",1250.99710648148,-73.956335,40.625372
"988",1163.69611872146,-73.956335,40.625372
"989",1388.77558479532,-73.957281,40.614358
"990",1896.5234375,-73.9554895,40.602544
"991",2306.86927413672,-73.952564,40.588694
"992",1414.75868055556,-73.952154,40.603351
"993",1865.71285140562,-73.93363,40.584084
"994",1105.01354166667,-73.9541455,40.594695
"995",1259.2254403794,-73.9443055,40.58754
"996",1445.25573593074,-73.9465925,40.5871685
"997",1486.08333333333,-73.9508456,40.5899032
"998",1074.10128546099,-73.950429,40.594155
"999",1217.53611111111,-73.95237,40.58778
"1000",981.333333333333,-73.964076,40.673836
"1001",956.079166666667,-73.8977735,40.635239
"1002",2327.59523809524,-73.994298,40.5953765
"1003",1310.28,-73.960494,40.579944
"1004",1087.86805555556,-73.948416,40.5857966666667
"1005",1503.5830400782,-73.95237,40.58778
"1006",1807.69085292345,-73.753538,40.778071
"1007",1606.02777777778,-73.753538,40.778071
"1008",1194.65915915916,-73.829942,40.657316
"1009",1333.34684684685,-73.829942,40.657316
"1010",2261.82493540052,-73.936517,40.773873
"1011",1389.76782646048,-73.830126,40.65727
"1012",1341.94766666667,-73.830126,40.65727
"1013",1356.11931153058,-73.845325,40.719241
"1014",1665.84649122807,-73.845879,40.718418
"1015",1541.89455782313,-73.847429,40.715963
"1016",1927.3125,-73.847429,40.715963
"1017",1684.18955707283,-73.847231,40.718768
"1018",1843.0835154827,-73.847231,40.718768
"1019",2550.75925925926,-73.845325,40.719241
"1020",1566.17935147849,-73.751892,40.774129
"1021",1109.75771604938,-73.751892,40.774129
"1022",1618.47882513661,-73.840943,40.717289
"1023",1472.54340277778,-73.829214,40.712293
"1024",2235.33925653595,-73.829214,40.712293
"1025",1677.63138888889,-73.831318,40.79452
"1026",1948.38297448166,-73.831318,40.79452
"1027",1320.99666666667,-73.831318,40.79452
"1028",1713.60931751288,-73.75128,40.775621
"1029",1781.05793020912,-73.75128,40.775621
"1030",1344.49647009967,-73.750975,40.774986
"1031",1296.7418879056,-73.750975,40.774986
"1032",1624.16247249135,-73.811777,40.759432
"1033",1655.1342305038,-73.831318,40.79452
"1034",1180.33515910276,-73.811777,40.759432
"1035",1794.08174335952,-73.811777,40.759432
"1036",1283.80096153846,-73.812229,40.759295
"1037",1877.20903822055,-73.8437117142857,40.7921664285714
"1038",1883.2480104071,-73.8421625,40.792460625
"1039",1486.48559670782,-73.7502945,40.77509
"1040",2378.10069444444,-73.750354,40.775089
"1041",1658.83043981481,-73.750417,40.776483
"1042",1052.6376611418,-73.827507,40.796107
"1043",1280.60134548611,-73.831318,40.79452
"1044",1178.984375,-73.750417,40.776483
"1045",1111.65873015873,-73.827507,40.796107
"1046",1832.17726311626,-73.835861,40.708032
"1047",2171.25,-73.859301,40.688262
"1048",2517.87948717949,-73.841267,40.694694
"1049",2615.53125,-73.841311,40.6947
"1050",1259.7962962963,-73.89227,40.566969
"1051",1286.11728395062,-73.892396,40.566978
"1052",1263.8287037037,-73.892396,40.566978
"1053",744.013425925926,-73.821176,40.614352
"1054",2027.3677852349,-73.789053,40.593336
"1055",1829,-73.840589,40.577032
"1056",1321.67034313725,-73.839872,40.577446
"1057",1563.83211900425,-73.837616,40.578691
"1058",1520.61469907407,-73.8395586666667,40.5774863333333
"1059",1252.76315108212,-74.064182,40.611956
"1060",1292.85534534535,-74.064182,40.611956
"1061",1465.00166310287,-74.093567,40.610665
"1062",1224.99573206019,-74.093567,40.610665
"1063",1161.37098484848,-74.085839,40.631307
"1064",977.477585565476,-74.158106,40.5803281428571
"1065",919.5625,-74.1582445,40.581623
"1066",1280.71909722222,-74.068097,40.6102125
"1067",1083.02640814929,-74.1352215,40.580554
"1068",1010.76023809524,-74.1010471,40.6023389
"1069",4401.74020034843,-74.015892767639,40.7113215335315
"1070",4479.73326530612,-74.012090177168,40.707287185906
"1071",5728.45803560796,-74.011260400443,40.706107019162
"1072",3390.69341042322,-74.008342460958,40.705742214113
"1073",5758.50424806675,-74.012711005921,40.709636641851
"1074",2587.2385620915,-74.014218505896,40.708615410463
"1075",2593.59201388889,-74.013399696944,40.708434354251
"1076",3598.81763888889,-74.009100465865,40.709996550054
"1077",3602.80987972509,-74.00709104103,40.70695548683
"1078",4545.96815008726,-74.005305632068,40.7066454243
"1079",3945.59228650138,-74.004966733883,40.708555799473
"1080",3754.8272391301,-74.005872090409,40.708767103967
"1081",4426.57894736842,-74.007693824806,40.710770678072
"1082",3794.41666666667,-74.002156906027,40.707499150294
"1083",3781.50595238095,-74.00152210266,40.707721486856
"1084",5663.57686011905,-74.008686178757,40.713957284186
"1085",3369.38425925926,-74.007752047973,40.715143091215
"1086",4780.7,-74.007070279954,40.715219988793
"1087",2021.46825396825,-73.9983694995015,40.715520747177
"1088",1377.87121212121,-73.998870910615,40.715747196734
"1089",1111.48521505376,-73.998744664681,40.715214710332
"1090",2024.94047619048,-73.998755505932,40.714179932664
"1091",14142.3119281046,-74.00725095088,40.718027875457
"1092",1963.66388888889,-73.999660906271,40.71695764462
"1093",1062.00617283951,-74.000046895491,40.716320858875
"1094",1786.39338235294,-73.998683331195,40.71570053367
"1095",4261.24523809524,-73.998401919651,40.7174132655
"1096",3952.11103219697,-74.010267690768,40.723986535003
"1097",11303.5714285714,-74.001948079959,40.72018547558
"1098",2348.27631578947,-73.997474758979,40.718928360738
"1099",2143.96590909091,-73.989892776184,40.712653402488
"1100",1088.30871212121,-73.997067391413,40.712623617937
"1101",1197.46666666667,-73.998647335859,40.711882559783
"1102",2043.1858974359,-73.997384776249,40.713738001818
"1103",1580.58333333333,-73.993640494134,40.713770792532
"1104",1706.81798245614,-73.989239643856,40.71412728399
"1105",1955.77777777778,-73.989813201259,40.714072440996
"1106",1975.61764705882,-73.993809983219,40.714303286953
"1107",2550.71428571429,-73.991858451787,40.714440403449
"1108",1257.5931372549,-73.990123188105,40.715647965316
"1109",1175.75925925926,-73.98988515673,40.715313082809
"1110",1652.66898148148,-73.989989799611,40.71510448958
"1111",2128.17430555556,-73.991591306523,40.716092734844
"1112",1958.74305555556,-73.994736825267,40.717048101701
"1113",1782.91666666667,-73.99426423578,40.717303342478
"1114",2338.57465277778,-73.990469447998,40.71593894007
"1115",2763.01724137931,-73.987821608225,40.716284530277
"1116",3655.17011494253,-73.984224030264,40.720730615844
"1117",2371.71551724138,-73.987207698793,40.719715423452
"1118",1964.77314814815,-73.977232079692,40.722044184529
"1119",2156.84558823529,-73.9774493700343,40.726679223084
"1120",1652.5390625,-73.98585420781,40.722847044019
"1121",3064.40170940171,-73.98478999289,40.722599878795
"1122",2492.76128472222,-73.985208232581,40.723730777472
"1123",1986.85087719298,-73.988490136134,40.7199433750335
"1124",2267.47101449275,-73.987817444879,40.719314753759
"1125",3641.01515151515,-73.988729853234,40.721030326765
"1126",2014.85977564103,-73.988697374541,40.721090708451
"1127",2393.8287037037,-73.987337468311,40.720247922766
"1128",3691.60069444444,-73.9882477737097,40.7202589987263
"1129",1387.86458333333,-73.991486386611,40.718488909689
"1130",2089.22807017544,-73.991039136738,40.717928942955
"1131",1604.19797979798,-73.990375378245,40.717865759507
"1132",1990.11666666667,-73.990721595191,40.718554724796
"1133",1737.65104166667,-73.990631391866,40.718672742481
"1134",1238.92916666667,-73.98998545998,40.719959983959
"1135",3118.74712643678,-73.9898557058325,40.7191900650465
"1136",1934.86590038314,-73.989501897286,40.720920609336
"1137",2429.61458333333,-73.989303423376,40.721269176451
"1138",1873.20138888889,-73.992846412394,40.718376467101
"1139",2056.27083333333,-73.99199508361,40.718118402653
"1140",1954.12239583333,-73.991035129781,40.720887802221
"1141",1581.69444444444,-73.991089241475,40.720904275043
"1142",2115.61574074074,-73.992662102633,40.721357273068
"1143",1555.03968253968,-73.99234105841,40.721063561976
"1144",2089.01091269841,-73.992543128273,40.720671073555
"1145",2234.30138888889,-73.984410292466,40.726404074391
"1146",2830.5,-73.984024286849,40.726242080067
"1147",2330.28457446808,-73.984760220316,40.726568807391
"1148",1685.02272727273,-73.981866195331,40.728352484287
"1149",1425.04824561404,-73.981916726013,40.728283873118
"1150",2748.22873563218,-73.983301786178,40.729914473918
"1151",2283.18125,-73.982237301472,40.73028760212
"1152",2290.11851851852,-73.9817685117735,40.7293309766725
"1153",1393.4068627451,-73.982893826526,40.730869592159
"1154",2207.15111111111,-73.98884489202,40.723437498769
"1155",3358.72023809524,-73.989991857481,40.725383644137
"1156",1812.79427083333,-73.987621690674,40.724403531179
"1157",2158.76707423235,-73.989677907724,40.725820034169
"1158",2143.71171171171,-73.98805051707,40.727181280209
"1159",4327.8265993266,-73.988465378159,40.727477757409
"1160",6261.39102564103,-73.987018199831,40.729470302708
"1161",4758.82261904762,-73.986072892712,40.729448233704
"1162",3068.0380952381,-73.985617855678,40.731394216196
"1163",4672.64903100775,-73.991584820018,40.7245795553825
"1164",3682.72552447552,-73.991234868304,40.7245534536
"1165",1837.88740530303,-73.99094435665,40.725164141976
"1166",2005.43,-73.988288347373,40.72884463286
"1167",2286.84666666667,-73.988483304121,40.7281337582585
"1168",740.089912280702,-73.988165545795,40.729566493614
"1169",2101.83712121212,-73.988436262096,40.728926990838
"1170",10520.8541666667,-73.9886671592223,40.7290258254177
"1171",2482.21913580247,-73.989042368633,40.72918505831
"1172",2344.04761904762,-73.987816848103,40.732396310055
"1173",2914.825,-73.999563481943,40.720770126763
"1174",2965.04166666667,-74.004145314316,40.723918300509
"1175",2305.5523989899,-74.0046882045135,40.722821745242
"1176",879.120833333333,-74.004282326627,40.722639234114
"1177",1921.37878787879,-73.994581365428,40.721242099576
"1178",1631.23484848485,-73.995670876691,40.721055501697
"1179",1547.96153846154,-73.995598712081,40.721244887896
"1180",2326.44956140351,-73.995548196848,40.721373890009
"1181",1861.3787037037,-73.996428511512,40.720344633031
"1182",1844.62037037037,-73.99733756748,40.721596271652
"1183",2790.78921568627,-73.997333959296,40.721609995404
"1184",2279.98502604167,-73.996897452069,40.7212641435925
"1185",1629.33333333333,-73.99738805824,40.722005243123
"1186",2083.56802306693,-74.002961993589,40.724456311441
"1187",2023.57971014493,-74.002947564389,40.724500228078
"1188",2339.15466666667,-74.005844609563,40.724384836843
"1189",1857.175,-73.994801294194,40.722974057809
"1190",1390.50877192982,-73.995977426469,40.722647477819
"1191",2144.37295751634,-73.9965744527255,40.723545035982
"1192",2225.26851851852,-73.996139792595,40.722301642751
"1193",2101.26231527094,-74.002337872536,40.725200157592
"1194",2133.42575757576,-74.001226674804,40.72591930365
"1195",1885.40904471545,-73.9947339162097,40.7234040682137
"1196",1541.42255892256,-73.995111443611,40.724513885607
"1197",1799.49166666667,-73.994292457663,40.724716960505
"1198",3801.62719298246,-74.001269969944,40.725957729907
"1199",2856.78,-74.001324088529,40.725985176958
"1200",2043.94642857143,-74.002121452239,40.726745465222
"1201",2258.98166666667,-74.002204431024,40.726649396842
"1202",2266.46666666667,-74.001067962476,40.728021796053
"1203",1721.65476190476,-74.000772112061,40.728370383684
"1204",2288.59803921569,-74.001354816564,40.72898108865
"1205",2236.30595238095,-74.0042322730495,40.7297619043735
"1206",4166.815,-73.991986931566,40.725883348347
"1207",1827.62867647059,-73.998874287388,40.729344772571
"1208",1823.94607843137,-73.998278954618,40.729498472054
"1209",2165.54861111111,-73.998361958118,40.728765620852
"1210",1964.43939393939,-73.999404678125,40.7285529116455
"1211",1386.02564102564,-73.999660841088,40.729718065704
"1212",2368.28422619048,-74.0010150628837,40.7291627041527
"1213",1102.59444444444,-74.000876759621,40.729547887394
"1214",4027.85638399048,-73.993083314488,40.729797455804
"1215",2971.83234126984,-73.992711044405,40.735610844739
"1216",3712.6,-73.998448448252,40.73314626733
"1217",1921.21014492754,-74.006588551482,40.731825856707
"1218",1663.55005159959,-74.004856591274,40.731416973114
"1219",3624.57843137255,-74.004416484337,40.732759180971
"1220",1473.68112244898,-74.00569020135,40.732860681159
"1221",1901.65740740741,-74.0056036299,40.733173588603
"1222",1692.83137254902,-74.008420762412,40.725924490635
"1223",5722.12543087002,-74.00850089398,40.731847689049
"1224",2515.22839506173,-74.000281463626,40.737710820377
"1225",2479.29079861111,-74.001172708318,40.734496696001
"1226",2500.03834991708,-73.999711334829,40.734153606074
"1227",2602.85714285714,-74.000194862487,40.73875108596
"1228",2378.37676767677,-73.999873701096,40.738300944837
"1229",2669.23701782501,-74.006379403717,40.733148845202
"1230",3145.20238095238,-74.00607648149,40.73502353582
"1231",3492.73,-74.003760024616,40.73699163099
"1232",1681.1875,-74.004416826232,40.737897379628
"1233",1815.850456621,-74.002818336019,40.739859935901
"1234",2275.03645833333,-74.007360972495,40.734249437026
"1235",3213.66111111111,-74.006098131914,40.735026279435
"1236",4391.49019607843,-74.006173862074,40.734537707326
"1237",2672.28993055556,-74.005870922848,40.73635750191
"1238",4161.95993031359,-74.008999799915,40.739052656873
"1239",5756.66559139785,-74.003897961418,40.750869144543
"1240",3907.13368055556,-74.000790376672,40.747235144322
"1241",2524.52080683745,-73.998516532122,40.754313875308
"1242",2498.59523809524,-74.00394064752,40.740351215449
"1243",3513.40373563218,-74.003843211703,40.740312792071
"1244",3082.76561447811,-74.003839759623,40.743019128325
"1245",2725.26415857605,-74.000220136276,40.74292312568
"1246",1923.77708333333,-73.9995561126073,40.7438252369467
"1247",3073.60375,-73.998754929166,40.744937774662
"1248",6109.39875741785,-73.9941393829423,40.7524589635608
"1249",1659.11630695444,-73.9955694441373,40.7543709818237
"1250",2834.36111111111,-73.995170564277,40.754917630425
"1251",4642.42545648796,-73.992264957281,40.754958642748
"1252",2165.35590277778,-73.99431141525,40.756100582431
"1253",2042.66666666667,-73.993726599692,40.756896532162
"1254",3623.21717171717,-74.000144342577,40.738748341271
"1255",2068.05072463768,-74.000790289401,40.739906628772
"1256",2933.46805555556,-74.0018177386419,40.7406963246216
"1257",2112.55248015873,-73.9988073512525,40.739761152842
"1258",3994.69337606838,-73.9992872503955,40.7441610115125
"1259",1798.97727272727,-73.995896752405,40.743760205059
"1260",3461.53070987654,-73.989514942866,40.752532056566
"1261",3755.88330715469,-73.997423529217,40.737609235533
"1262",5346.87156862745,-73.996247124969,40.738182858688
"1263",2800.21186440678,-73.998174015506,40.740598297273
"1264",7061.37436868687,-73.993153852872,40.745538680041
"1265",2340.31045751634,-73.991706544949,40.74654316738
"1266",7601.04330065359,-73.990602966791,40.741089239536
"1267",2581.15196078431,-73.98996388512,40.743359104168
"1268",4694.84981409672,-73.990472535229,40.7447059091177
"1269",4764.6953125,-73.9858980737763,40.749869251242
"1270",4353.82413355487,-73.986563945748,40.7514521431893
"1271",3740.4303652968,-73.983924763891,40.749855267952
"1272",2332.73684210526,-73.988946825522,40.739598685546
"1273",8866.32676282051,-73.98473425815,40.745332011569
"1274",2841.21746031746,-73.983579156476,40.746328200636
"1275",3155.93155070943,-73.981597712693,40.746745103732
"1276",3189.03125,-73.981380276359,40.749939970848
"1277",897.336956521739,-73.988009499636,40.734545481107
"1278",4438.76535087719,-73.9891945925785,40.7360538468145
"1279",2757.36206896552,-73.987271306865,40.7360474738177
"1280",2549.56481481481,-73.98731642956,40.735956215416
"1281",3840.52232918831,-73.986521768957,40.739944266445
"1282",3330.20043103448,-73.9860946954753,40.7401967334863
"1283",1834.07352941176,-73.982155257308,40.740204422863
"1284",3146.22083333333,-73.981704006628,40.740821923492
"1285",3366.50833333333,-73.983713661255,40.74236478312
"1286",2698.08088235294,-73.981148053622,40.741584877594
"1287",2687.38888888889,-73.982515506331,40.742540271591
"1288",3018.1412037037,-73.9796841032315,40.743593793978
"1289",2238.54166666667,-73.982013251969,40.744884221044
"1290",3536.94206896552,-73.979205728022,40.744249706483
"1291",2654.44270833333,-73.9773652521685,40.749409510063
"1292",2871.03040540541,-73.977742056099,40.750458082592
"1293",1827.70416666667,-73.986678316752,40.733085119469
"1294",2282.82894736842,-73.986454624452,40.732989026505
"1295",3222.83229166667,-73.986360817814,40.732950588683
"1296",2687.72126436782,-73.985945442586,40.734965195748
"1297",1787.81578947368,-73.984436662757,40.7370372979
"1298",2658.01388888889,-73.983505359976,40.738313482928
"1299",3295.5,-73.981062558825,40.737679065278
"1300",2854.2746031746,-73.980018067734,40.743102540142
"1301",2630.9269047619,-73.9738344141645,40.7476095682505
"1302",3920.33520437536,-73.974772465189,40.74840164203
"1303",2615.1168542654,-73.9817195633847,40.736747781954
"1304",2975.71153846154,-73.98025092832,40.736726495356
"1305",3614.46014838368,-73.9761724448095,40.7443424385445
"1306",2633.54666666667,-73.984367096463,40.756626652393
"1307",5688.74768518519,-73.984634176115,40.7567392236
"1308",3078.3046875,-73.98237376898,40.759876158157
"1309",3098.06482683983,-73.978546398084,40.763199408659
"1310",5305.07347140039,-73.9779413132446,40.7633980141744
"1311",2449.88567725941,-73.977451881902,40.765312662146
"1312",1378.07494918699,-73.9891585199885,40.7580736931605
"1313",2683.36268274854,-73.9855018870058,40.7626309597097
"1314",1739.04446138211,-73.984459588054,40.762418105712
"1315",3384.39254124429,-73.992203122611,40.758993434643
"1316",2999.52916666667,-73.989990270584,40.75983590387
"1317",1369.25383141762,-73.988098829642,40.75956948172
"1318",4704.30168650794,-73.989409016381,40.760404016705
"1319",2725.4875,-73.988430708295,40.760793677938
"1320",2534.48243801653,-73.986567561972,40.763304928582
"1321",2259.4939668175,-73.9854494438943,40.7644557605953
"1322",3328.40457175926,-73.984007691697,40.765176525035
"1323",2959.62249405369,-73.986881032248,40.766294005597
"1324",1508.02777777778,-73.986292427017,40.767092661059
"1325",3764.80654761905,-73.983823107782,40.767119787144
"1326",2558.125,-73.994903045468,40.760385178919
"1327",2192.83333333333,-73.989043943842,40.763362831617
"1328",2909.72435897436,-73.987361288746,40.765673744394
"1329",3304.24479166667,-73.994336067043,40.763302830145
"1330",1125.28978052126,-73.993404291304,40.767543430207
"1331",1201.47229114971,-73.992487176701,40.768792238042
"1332",2938.4358974359,-73.988302835572,40.769478076939
"1333",7997.07568330362,-73.978625417361,40.775641403459
"1334",5365.58974358974,-73.981265131781,40.774272231992
"1335",3909.80448717949,-73.984106366524,40.775216856242
"1336",3950.68954248366,-73.980736853923,40.77821635677
"1337",3454.39724919094,-73.9795786394075,40.781404187852
"1338",2503.42261904762,-73.979374535254,40.781690978072
"1339",2374.375,-73.979403436095,40.781647067212
"1340",4052.62328042328,-73.978738738739,40.782558204025
"1341",4580.70990237099,-73.983727126322,40.775757519776
"1342",3099.50887681159,-73.983184653969,40.779251513637
"1343",3109.84453804647,-73.989432274959,40.773021666129
"1344",2359.17948717949,-73.973859719909,40.784151898051
"1345",2319.44047619048,-73.972416764283,40.784994198013
"1346",2799.93103448276,-73.972909486462,40.785452690359
"1347",2066.08130878368,-73.968978089057,40.790828663519
"1348",2196.13786666667,-73.967706018937,40.79259044262
"1349",4603.50520833333,-73.9781444696685,40.7833719116215
"1350",2776,-73.973783832856,40.784291863123
"1351",2788,-73.9738884626945,40.7845224460855
"1352",1924.85714285714,-73.976289315216,40.785917301255
"1353",6164.75740740741,-73.972554177839,40.78597593869
"1354",4324.68798449612,-73.9719357134525,40.786822087561
"1355",3362.68924682396,-73.9728840632225,40.790225807174
"1356",1944.41129032258,-73.968041663012,40.793057144077
"1357",2870.79444444444,-73.977980084339,40.783628514582
"1358",1474.0625,-73.97747792057,40.784317350045
"1359",2463.41666666667,-73.975722071324,40.786726884514
"1360",3055.29166666667,-73.975657037943,40.786814702801
"1361",1935.29710144928,-73.973951642805,40.789152856795
"1362",1659.86842105263,-73.973868539491,40.789262627957
"1363",1339.24305555556,-73.973738459415,40.789446496601
"1364",4818.65865384615,-73.9751141447195,40.790056137747
"1365",3547.64230769231,-73.973553172118,40.792229631304
"1366",2834.10219478738,-73.9719474102757,40.79189713538
"1367",2724.35,-73.970898253148,40.793335123411
"1368",1848.4375,-73.976532383932,40.762331670994
"1369",3710.81327342284,-73.975051442167,40.764734393863
"1370",4217.90625,-73.9775485444185,40.7570317452985
"1371",2650.73529411765,-73.9688630582873,40.7589254305237
"1372",4549.2100994537,-73.967354699699,40.7603925428187
"1373",3010.62299196787,-73.972692269984,40.751705858058
"1374",3175.5391763131,-73.971042953894,40.751430977623
"1375",2763.03333333333,-73.969756258171,40.755383100451
"1376",1992.93181818182,-73.969940297564,40.755479215401
"1377",2535.59424603175,-73.969613337244,40.7561406163665
"1378",3423.47916666667,-73.968647211003,40.757372753466
"1379",2123.13725490196,-73.968603896078,40.757372741623
"1380",2116.55208333333,-73.968571416385,40.757359008936
"1381",1444.75617283951,-73.968445106015,40.757306823846
"1382",1579.28571428571,-73.965943096849,40.758425970338
"1383",2372.86763211382,-73.970758062318,40.750887442742
"1384",3798.65740740741,-73.9694928270925,40.7532880922912
"1385",1199.10784313725,-73.968717701625,40.753324252007
"1386",3220.82063533058,-73.968233124089,40.755253685196
"1387",3131.63497652582,-73.96532040323,40.755033261103
"1388",3215.48655913978,-73.96648913307,40.756482841494
"1389",2733.75753968254,-73.964724410661,40.755848273103
"1390",3604.55802549012,-73.964362879816,40.7569341706903
"1391",1189.33407738095,-73.96215081851,40.759051959652
"1392",2211.22746640446,-73.9495597099395,40.7621912372245
"1393",4526.3252688172,-73.969780588918,40.765363049008
"1394",7202.49021183652,-73.958924749419,40.772054138636
"1395",3463.05392156863,-73.959309638708,40.774370849375
"1396",3640.63994107744,-73.963663710115,40.761543317161
"1397",3441.58138330286,-73.962402905614,40.763277598194
"1398",4884.59776637645,-73.9613366235515,40.768711863343
"1399",3637.00324384787,-73.9580203019815,40.769277490539
"1400",1633.42592592593,-73.963090099433,40.760917329185
"1401",2542.98245614035,-73.960360575653,40.761816699614
"1402",4151.65672690763,-73.959479025574,40.763051532927
"1403",2533.40217391304,-73.957690570834,40.765499211457
"1404",1552.11764705882,-73.958880199591,40.762381598946
"1405",1690.4681372549,-73.958905461736,40.762392587028
"1406",3158.20162434885,-73.956737902799,40.76676601925
"1407",2175.05555555556,-73.95635437449,40.766242540347
"1408",2379.95882936508,-73.95387116639,40.77069630942
"1409",2614.24240451389,-73.951239546988,40.770299976702
"1410",1921.12777777778,-73.951970011896,40.768658920271
"1411",4838.07886904762,-73.960534745263,40.778513111918
"1412",2325.7516025641,-73.958247233846,40.77582793277
"1413",2029.15833333333,-73.957270314147,40.777161524045
"1414",4358.47936936937,-73.9550544369073,40.7773665344023
"1415",3804.12301587302,-73.955843983078,40.779153675862
"1416",2474.58387445887,-73.954691096326,40.78069577827
"1417",2270.66666666667,-73.951859428166,40.781748611076
"1418",3392.13235294118,-73.951987477605,40.784433033207
"1419",3290.70334757835,-73.9551052270135,40.7743459497055
"1420",3236.05235042735,-73.95374170533,40.775142761496
"1421",3895.68985102421,-73.9537642205,40.779100706695
"1422",2344.95614035088,-73.950203963358,40.783973899731
"1423",3627.86538758655,-73.953051444628,40.776056484666
"1424",4120.08103089721,-73.949993280332,40.776044214105
"1425",2178.85714285714,-73.947745067938,40.779120082548
"1426",3508.35976549821,-73.951865457458,40.773440241726
"1427",5674.52277777778,-73.94981561832,40.772253629329
"1428",3131.14640921409,-73.951565489425,40.773851828869
"1429",3814.32355242567,-73.948023423375,40.778703006278
"1430",2379.36504975124,-73.945066186347,40.778753779513
"1431",1575.38194444444,-73.949763719865,40.797878616611
"1432",2257.7109375,-73.948580707084,40.795748167371
"1433",1386.63888888889,-73.949120929902,40.788323857268
"1434",998.842592592593,-73.947960465964,40.789915293026
"1435",4147.97727272727,-73.946523846699,40.789050036159
"1436",3331.33900226757,-73.945182642736,40.795126281896
"1437",2351.22023809524,-73.941928994638,40.798755986102
"1438",1223.30952380952,-73.939739522863,40.799528877169
"1439",1255.58333333333,-73.945518804827,40.790389002332
"1440",1912.94642857143,-73.939831041823,40.794201366159
"1441",2144.22569444444,-73.939859971808,40.794160210061
"1442",1642.47083333333,-73.939553324353,40.797752926614
"1443",2136.48611111111,-73.940521897293,40.789011401918
"1444",3146.046875,-73.940424271425,40.789145844134
"1445",1883.71904761905,-73.938970697937,40.791132280719
"1446",1300.94907407407,-73.940413253622,40.793370010398
"1447",2156.11842105263,-73.934468118242,40.793921210763
"1448",1786.99122807018,-73.935998216802,40.795170935263
"1449",2280.03125,-73.9458571565925,40.807240548534
"1450",1814.3125,-73.942911804528,40.806691545191
"1451",2145.22575757576,-73.944260492132,40.809425975133
"1452",1900.61458333333,-73.937025528841,40.804887914062
"1453",1275.27777777778,-73.934348548843,40.80160918578
"1454",1900.60604056437,-73.934615058001,40.802399823552
"1455",2252.27222222222,-73.934621511696,40.803179337488
"1456",1002.66959064327,-73.93382101134,40.798177946818
"1457",1503.97668650794,-73.933784841293,40.798230076204
"1458",2009.51157407407,-73.952467262126,40.800226527785
"1459",1985.43055555556,-73.950536905539,40.802366616085
"1460",1839.39682539683,-73.95067411965,40.802424314812
"1461",2065.90438034188,-73.95255546249,40.803157955163
"1462",1482.69642857143,-73.957031492159,40.8021167131
"1463",2924.42939814815,-73.952953156219,40.802642106218
"1464",2608.18650793651,-73.963484611353,40.798369620272
"1465",2063.43939393939,-73.962591805711,40.799590746045
"1466",2180.53431372549,-73.961391693181,40.801256410996
"1467",1568.70833333333,-73.955592315647,40.804498606427
"1468",1597.20291666667,-73.961565195589,40.8010355169775
"1469",2132.49479166667,-73.961226054652,40.806557834544
"1470",3775.05882352941,-73.971500658714,40.795012316671
"1471",3007.31028368794,-73.9696659452705,40.7950283151175
"1472",3553.48570853462,-73.9709748517405,40.795732681692
"1473",2069.98174603175,-73.97031168428,40.796686312536
"1474",1847.70505617978,-73.9693196571685,40.798006276023
"1475",1439.92210144928,-73.965155390397,40.801202719779
"1476",2298.46982758621,-73.964244497906,40.802459534265
"1477",3731.19363929147,-73.963696863267,40.80321142324
"1478",513.149673202614,-73.9654165914605,40.8059429773605
"1479",2424.04156816391,-73.965148190994,40.806310006059
"1480",2587.8287037037,-73.950601887246,40.802413304771
"1481",1893.52160493827,-73.943280350183,40.810803357656
"1482",1555.76762820513,-73.942495505266,40.811881652349
"1483",881.758547008547,-73.941591283509,40.813113586643
"1484",2475.86574074074,-73.954234532855,40.803943634387
"1485",2230.33143939394,-73.953584542915,40.803671643512
"1486",1272.37528935185,-73.9549960354665,40.8049059692335
"1487",1078.93410852713,-73.946722298639,40.816234111152
"1488",3165.38499025341,-73.952879028953,40.810379516715
"1489",2609.64204545455,-73.952795602284,40.810857068175
"1490",1180.63172043011,-73.950197730266,40.811511965176
"1491",1496.58978174603,-73.951436407901,40.812083402629
"1492",1628.67016806723,-73.959472639147,40.808965743978
"1493",1748.06974637681,-73.959355138174,40.8091262700845
"1494",1496.80401234568,-73.952106895775,40.819088271128
"1495",2175.36988304094,-73.960361854501,40.81405755657
"1496",1781.14880952381,-73.942256004382,40.817261231563
"1497",1145.29901960784,-73.942205362445,40.817332569431
"1498",2319.69386574074,-73.939117147028,40.81649931656
"1499",1322.81481481481,-73.940794636053,40.819255916138
"1500",1525.88839285714,-73.942729819579,40.816643901417
"1501",1799.15972222222,-73.938793918978,40.826155149546
"1502",1510.02508960573,-73.945928164582,40.819832098774
"1503",2047.23385565052,-73.94505811542,40.823372403694
"1504",2083.81439393939,-73.949783199859,40.82223412618
"1505",1594.63194444444,-73.952562574634,40.823510240272
"1506",2177.77951388889,-73.948568373071,40.82562197234
"1507",1040.05792682927,-73.948647840004,40.825654944786
"1508",2193.93791666667,-73.948757479918,40.828723613901
"1509",1230.72311827957,-73.9534592309035,40.8226734606655
"1510",1406.470657277,-73.949806448179,40.827318769885
"1511",2165.76311728395,-73.948417425708,40.829223004434
"1512",1951.7788671024,-73.948388485734,40.829264162538
"1513",1282.19880952381,-73.936401268455,40.8456414920955
"1514",1685.52727272727,-73.934660610205,40.851475820976
"1515",1962.41228070175,-73.92759298013,40.8605525317995
"1516",1280.9246031746,-73.939768343772,40.851304320916
"1517",1116.24583333333,-73.918939218667,40.808005583798
"1518",1196.51827956989,-73.921539487297,40.80852340215
"1519",1352.19696969697,-73.919680052676,40.807753587589
"1520",1386.94696969697,-73.921775435516,40.810615059953
"1521",2009.66666666667,-73.922821082937,40.809204967755
"1522",1306.93181818182,-73.924742105903,40.809886939784
"1523",1118.98387096774,-73.928995467564,40.808465124817
"1524",1028.11887254902,-73.922927615102,40.817002861187
"1525",1496.96690705128,-73.9237560170515,40.8176477425685
"1526",1652.55,-73.91866992896,40.818451894997
"1527",1528.59615384615,-73.917500390725,40.817613913943
"1528",527.120833333333,-73.922406054698,40.818125110404
"1529",1558.09201388889,-73.924299768192,40.823961697978
"1530",1326.19444444444,-73.924418764609,40.82734055337
"1531",1273.55701754386,-73.906517017047,40.81268966085
"1532",1156.47321428571,-73.891400455029,40.831236320456
"1533",1070.83771929825,-73.885829659467,40.836728634671
"1534",1089.34935897436,-73.895119263526,40.860663350576
"1535",2070.97,-73.895339205538,40.851880404854
"1536",1231.70580808081,-73.896514265255,40.863277599272
"1537",1660.83333333333,-73.889689074816,40.862922670712
"1538",1224.28378378378,-73.88020398665,40.882063146492
"1539",978.223623853211,-73.861899279383,40.831100344889
"1540",1116.06595365419,-73.86525222944,40.8544373507
"1541",1138.59873188406,-73.864370237097,40.8544198447535
"1542",955.606918238994,-73.865805707694,40.8595926092225
"1543",921.294191919192,-73.864894663873,40.859605265586
"1544",1779.09090909091,-73.901831340432,40.883541095551
"1545",3075.80473856209,-73.987795044173,40.703801315166
"1546",4416.4362745098,-73.987492341214,40.702437131351
"1547",3296.56435723514,-73.983242014576,40.695127261413
"1548",1030,-73.980349180367,40.685190721913
"1549",1213.89351851852,-73.99313709261,40.698218894308
"1550",6097.67741935484,-73.992185573957,40.693451163739
"1551",1479.6,-73.991666587453,40.691120814849
"1552",3008.02884615385,-73.991914261011,40.6906020704243
"1553",1653.72569444444,-73.996466159306,40.690808159112
"1554",1845.48484848485,-73.990978543392,40.68598529105
"1555",4264.27666666667,-73.995900734228,40.679293811719
"1556",1736.16666666667,-73.998110848538,40.67774581604
"1557",1172.56818181818,-73.994823968135,40.663519535996
"1558",1022.77721088435,-74.003618468408,40.655650315142
"1559",1392.61111111111,-73.9997909988615,40.6448743651
"1560",1132.58333333333,-74.011585590317,40.647404467381
"1561",1242.69722222222,-74.011563356969,40.643888405293
"1562",1510.67261904762,-74.009386707439,40.642562874979
"1563",1247.58823529412,-74.016175514961,40.643015006466
"1564",1313.09523809524,-74.003704731092,40.651442565132
"1565",1412.28571428571,-74.003513738287,40.651629216189
"1566",2255.296875,-73.979673645442,40.677582087478
"1567",1446.34722222222,-73.974861489893,40.6753551197
"1568",2214.38402014652,-73.980817004063,40.675861310029
"1569",3427.30896226415,-73.986564426313,40.671830051346
"1570",3011.73109567901,-73.990299064306,40.672305274684
"1571",869.111111111111,-73.984807239071,40.663002627458
"1572",1589.79444444444,-73.980334869341,40.660454792818
"1573",1430.23039215686,-73.98603666253,40.661548051347
"1574",1313.46354166667,-73.983805873319,40.660246732756
"1575",3847.56547619048,-73.974583793837,40.680332709349
"1576",2093,-73.9640588649885,40.678463444754
"1577",1694.12024853801,-73.959524697419,40.676349828244
"1578",1975.10227272727,-73.963916171557,40.675667845655
"1579",1864.19109195402,-73.9581423693565,40.670220245199
"1580",875.884615384615,-73.955424718804,40.677682268251
"1581",2201.59935897436,-73.950423325351,40.669245514715
"1582",1460.95679012346,-73.956881859395,40.665616785671
"1583",1157.99224806202,-73.942695430328,40.664166816254
"1584",1109.43055555556,-73.922488940382,40.669984839791
"1585",1137.96212121212,-73.931331594257,40.666493631932
"1586",1800.68868563686,-73.933562180846,40.696020500518
"1587",2041.29747474747,-73.939159138238,40.69201074858
"1588",1615.03541666667,-73.930972950175,40.692500171149
"1589",2280.27777777778,-73.946587619357,40.691926617491
"1590",1667.53664627931,-73.953980563444,40.691059730327
"1591",1460.11274509804,-73.943984638289,40.686979292164
"1592",1362.20601851852,-73.950085055772,40.682867693297
"1593",1576.48484848485,-73.940952055626,40.683085679192
"1594",879.561111111111,-73.943151885972,40.682559794424
"1595",1332.17333333333,-73.950916101865,40.680466373668
"1596",1464.53356481481,-73.95270430306,40.680574171723
"1597",4274.35612207602,-73.9675293011795,40.696198466409
"1598",1653.75978535354,-73.965148826051,40.683117548138
"1599",1667.94823232323,-73.954178748537,40.680813566106
"1600",2664.16974293813,-73.979720371884,40.68985672822
"1601",2490.828125,-73.977002385776,40.687347491892
"1602",2024.38888888889,-73.977990533712,40.686845392213
"1603",1485.07407407407,-73.974237217906,40.6861629911257
"1604",1639.32303849903,-73.954790284367,40.704040081324
"1605",2699.02002718492,-73.954889055753,40.71792042101
"1606",1550.38888888889,-73.958560710548,40.719060885241
"1607",1774.4375,-73.956282010662,40.717182617755
"1608",3423.53071600481,-73.963202791757,40.720440342051
"1609",3506.67083333333,-73.958175315638,40.718097331723
"1610",1621.18055555556,-73.958150492611,40.717416620118
"1611",2820.12134000954,-73.961717688837,40.718331874169
"1612",4093.71013621795,-73.9620504638276,40.7167764496673
"1613",2056.71654626763,-73.956136299926,40.713864136591
"1614",4003.73197751323,-73.951386577078,40.712531008349
"1615",1868.53571428571,-73.962451898972,40.714978009775
"1616",1881.39583333333,-73.956490218544,40.713235719259
"1617",2211.55952380952,-73.957987244085,40.7131621687
"1618",1026.92857142857,-73.961857470102,40.713635621567
"1619",1473.83501683502,-73.954179798304,40.710654735966
"1620",1388.95673076923,-73.9538244908195,40.710675179198
"1621",1541.82434640523,-73.962178800851,40.713126573306
"1622",1803.43798449612,-73.9577401751234,40.7114268346318
"1623",2170.13725490196,-73.958417840204,40.711018660657
"1624",1864.4353968254,-73.96729717946,40.713530255822
"1625",1988.00980392157,-73.962872015518,40.711986348172
"1626",1190.51587301587,-73.961999336886,40.711563367803
"1627",2190.31944444444,-73.964542335968,40.711558692758
"1628",3740.193001443,-73.963824169856,40.712211723586
"1629",2980.46778711485,-73.95809017738,40.732960212302
"1630",1287.1566091954,-73.9550828554833,40.7336205619943
"1631",4315.86523809524,-73.957982334723,40.732320642569
"1632",1186.06481481481,-73.950234549976,40.723956984925
"1633",1679.23132183908,-73.951172200125,40.724456935539
"1634",1387.47249278499,-73.945328331096,40.719167876256
"1635",2310.68367346939,-73.952172973936,40.717482902314
"1636",3371.09523809524,-73.951671666086,40.71731526128
"1637",2234.95833333333,-73.941117590872,40.711919601254
"1638",1361.75694444444,-73.940641519189,40.711845247032
"1639",3068.1783625731,-73.943271034797,40.707696485365
"1640",1221.37931034483,-73.93991620041,40.708180600992
"1641",3116.28787878788,-73.943066537144,40.706420065594
"1642",1646.32142857143,-73.942811671214,40.705006381667
"1643",1475.25,-73.942171344024,40.703087465304
"1644",809.253787878788,-73.934205370583,40.698370397051
"1645",1591.2,-73.929204809769,40.700368357609
"1646",2162.53333333333,-73.923623925376,40.701811270892
"1647",1891.875,-73.919116371959,40.70424279265
"1648",1177.10022522523,-73.915684331159,40.668950743628
"1649",1301.86458333333,-73.911523616748,40.669554202997
"1650",1368.60087719298,-73.90566093838,40.670441579933
"1651",1136.45833333333,-73.949292993641,40.648291374912
"1652",1136.875,-73.949300140226,40.648370976722
"1653",1174.77316602317,-73.9610107460967,40.6607956890227
"1654",1531.96948356808,-73.960626640205,40.660194451243
"1655",2641.41623432771,-73.960400938417,40.657896993361
"1656",1006.42724867725,-73.960629982665,40.660636361792
"1657",1387.80555555556,-73.961346876328,40.655070193492
"1658",1032.85714285714,-73.96082056799,40.655275873209
"1659",1714.95833333333,-73.9591909297077,40.652365837635
"1660",1326.9402173913,-73.9668708834173,40.640121102983
"1661",2778.71717171717,-73.975663358925,40.651489446335
"1662",1026.55782312925,-73.981225072183,40.635161788938
"1663",1157.81196581197,-73.981136987812,40.628151598858
"1664",1041.35294117647,-73.994378732394,40.64319167655
"1665",864.0625,-73.994465567672,40.638937269372
"1666",1004.625,-73.994012089263,40.633186927719
"1667",1434.51157407407,-74.031155803085,40.637654097635
"1668",814.076666666667,-74.02680175415,40.633853675478
"1669",2260.20480225989,-74.02811598178,40.623395735593
"1670",1333.64930555556,-74.026400446045,40.621282660059
"1671",1222.06076388889,-74.032527090257,40.619892222811
"1672",1146.33561643836,-74.0338381614215,40.612620907203
"1673",1460.484375,-74.004707155777,40.608489418548
"1674",1301.98333333333,-73.980892379033,40.614345293253
"1675",2022.13565891473,-73.963426560115,40.61548013261
"1676",1675.65384615385,-73.969353101067,40.604505473734
"1677",1254.31018518519,-73.96168763491,40.607873762842
"1678",1142.575,-73.954256078849,40.610398982938
"1679",1889.25833333333,-73.9566966345965,40.5986138177425
"1680",1335.99305555556,-73.960644237433,40.581795182035
"1681",1505.95625,-73.959806529942,40.579966861419
"1682",1331.67666666667,-73.961137392526,40.575721132043
"1683",1408.37601626016,-73.959924174333,40.58188276541
"1684",1618.58190148912,-73.9513045525345,40.583367098235
"1685",3627.33388338834,-73.958097970834,40.743478150451
"1686",2410.42707392012,-73.958534573032,40.743582610058
"1687",3779.12307321773,-73.9568100475,40.748368839038
"1688",3352.58016960209,-73.956377703991,40.747232344119
"1689",4217.05268817204,-73.956822446279,40.745953453244
"1690",3206.53990963855,-73.957161911357,40.745607740454
"1691",2603.14184210526,-73.955155158813,40.74587870511
"1692",1691.92375886525,-73.947517215264,40.747648581883
"1693",2886.12263257576,-73.946685333393,40.745397493339
"1694",1802.90046296296,-73.919059518679,40.744969615785
"1695",1057.58914728682,-73.921076185288,40.739497961719
"1696",1698.125,-73.926197646823,40.741979892596
"1697",2221.04250841751,-73.941826045575,40.747305487015
"1698",1980.90079365079,-73.931154678924,40.757224636692
"1699",2214.18172460113,-73.939566370872,40.75173161962
"1700",3877.08333333333,-73.952207791466,40.749297488537
"1701",2158.76984126984,-73.926514994498,40.771513716332
"1702",3225.33333333333,-73.925721034099,40.761557968442
"1703",3938.06971153846,-73.922465901885,40.766954755455
"1704",2591.14686468647,-73.921413487653,40.768537764862
"1705",2199.49116161616,-73.917487192376,40.767261441742
"1706",1158.10949367089,-73.921923955928,40.755050366782
"1707",3562.50662878788,-73.91885120451,40.758907368093
"1708",1019.41287878788,-73.907301259086,40.773712081066
"1709",2220.25568181818,-73.885882168938,40.74956634045
"1710",962.331845238095,-73.885229349185,40.755573974768
"1711",1268.71572580645,-73.883207259438,40.74986465794
"1712",1126.25666666667,-73.874861195987,40.750743332735
"1713",1118.25662878788,-73.872915451794,40.750938817191
"1714",918.698412698413,-73.872105210053,40.750922820728
"1715",1176.34606481481,-73.887855685806,40.74356823227
"1716",1598.609375,-73.883600024648,40.746111135105
"1717",1155.73557692308,-73.884584139607,40.744687596575
"1718",1601.89950980392,-73.873981023587,40.742889598236
"1719",1154.80555555556,-73.866062575875,40.74862816549
"1720",1341.63888888889,-73.863536064211,40.74693990287
"1721",1453.72569444444,-73.869183352365,40.749186208359
"1722",1207.14495530013,-73.8706550347363,40.751471520299
"1723",1522.60361356932,-73.865769425302,40.736539874118
"1724",1314.01515151515,-73.856278091935,40.743719665047
"1725",1488.72727272727,-73.862452657192,40.747278960043
"1726",2973.58068181818,-73.859885050248,40.729226264696
"1727",1100.88333333333,-73.895481281295,40.727438952257
"1728",2219.73425925926,-73.8424443385617,40.7193407570833
"1729",2945.30172413793,-73.909324745125,40.698564766885
"1730",1062.65,-73.814128209304,40.789614689107
"1731",1442.63774509804,-73.817030053046,40.765350181286
"1732",1935.68470961406,-73.82540300794,40.760732808863
"1733",1414.86111111111,-73.8276553923493,40.753826726355
"1734",1301.60757150153,-73.826706549884,40.752280909241
"1735",1011.92222222222,-73.8224398073027,40.7574290555553
"1736",1252.73295454545,-73.812775688627,40.767253675138
"1737",1631.38811728395,-73.827027510395,40.708074116537
"1738",1771.87878787879,-73.802485215377,40.707167119764
"1739",2199.40277777778,-73.7531550941505,40.6031030076155
"1740",1964.5404040404,-74.076644770718,40.637756207995
"1741",1135.93364197531,-74.076539516097,40.643350145468
"1742",1262.36554621849,-74.077426245868,40.643604814333
